CID,session_id,order,time,g_class4,succ_joined,category_name,primary_interest,is_fake_data,synthetic_version
100000,test_0000007,0,2022-03-14 18:57:24,5,1,Toys,Books,True,realistic_sparse_v1
100000,test_0000007,1,2022-03-14 18:57:56,5,1,Toys,Books,True,realistic_sparse_v1
100000,test_0000007,2,2022-03-14 18:58:27,5,1,Toys,Books,True,realistic_sparse_v1
100000,test_0000008,0,2022-03-20 22:25:18,6,1,Books,Books,True,realistic_sparse_v1
100000,test_0000008,1,2022-03-20 22:25:45,6,1,Books,Books,True,realistic_sparse_v1
100000,test_0000008,2,2022-03-20 22:26:17,6,1,Books,Books,True,realistic_sparse_v1
100000,test_0000008,3,2022-03-20 22:27:09,6,1,Books,Books,True,realistic_sparse_v1
100000,test_0000008,4,2022-03-20 22:27:27,6,1,Books,Books,True,realistic_sparse_v1
100000,test_0000008,5,2022-03-20 22:28:15,5,1,Toys,Books,True,realistic_sparse_v1
100000,test_0000009,0,2022-02-03 14:08:17,6,1,Books,Books,True,realistic_sparse_v1
100000,test_0000009,1,2022-02-03 14:08:52,21,1,Mobile,Books,True,realistic_sparse_v1
100000,test_0000009,2,2022-02-03 14:09:21,22,1,Gaming,Books,True,realistic_sparse_v1
100000,test_0000009,3,2022-02-03 14:09:45,22,1,Gaming,Books,True,realistic_sparse_v1
100000,test_0000010,0,2022-04-24 17:25:20,6,1,Books,Books,True,realistic_sparse_v1
100000,test_0000010,1,2022-04-24 17:25:57,6,1,Books,Books,True,realistic_sparse_v1
100000,test_0000010,2,2022-04-24 17:26:14,6,1,Books,Books,True,realistic_sparse_v1
100000,test_0000010,3,2022-04-24 17:27:06,5,1,Toys,Books,True,realistic_sparse_v1
100000,test_0000010,4,2022-04-24 17:27:23,6,1,Books,Books,True,realistic_sparse_v1
100000,test_0000010,5,2022-04-24 17:27:58,6,1,Books,Books,True,realistic_sparse_v1
100000,test_0000010,6,2022-04-24 17:28:52,6,1,Books,Books,True,realistic_sparse_v1
100000,test_0000010,7,2022-04-24 17:29:22,5,1,Toys,Books,True,realistic_sparse_v1
100000,test_0000010,8,2022-04-24 17:29:52,5,1,Toys,Books,True,realistic_sparse_v1
100000,test_0000010,9,2022-04-24 17:30:34,23,1,Appliances,Books,True,realistic_sparse_v1
100000,test_0000010,10,2022-04-24 17:31:00,11,1,Electronics,Books,True,realistic_sparse_v1
100000,train_0000001,0,2022-01-25 11:47:22,5,1,Toys,Books,True,realistic_sparse_v1
100000,train_0000001,1,2022-01-25 11:47:37,5,1,Toys,Books,True,realistic_sparse_v1
100000,train_0000001,2,2022-01-25 11:48:13,9,1,Home,Books,True,realistic_sparse_v1
100000,train_0000001,3,2022-01-25 11:48:55,25,1,Lifestyle,Books,True,realistic_sparse_v1
100000,train_0000001,4,2022-01-25 11:49:36,25,1,Lifestyle,Books,True,realistic_sparse_v1
100000,train_0000001,5,2022-01-25 11:49:55,25,1,Lifestyle,Books,True,realistic_sparse_v1
100000,train_0000001,6,2022-01-25 11:50:49,25,1,Lifestyle,Books,True,realistic_sparse_v1
100000,train_0000002,0,2022-01-03 21:37:24,6,1,Books,Books,True,realistic_sparse_v1
100000,train_0000002,1,2022-01-03 21:37:42,6,1,Books,Books,True,realistic_sparse_v1
100000,train_0000002,2,2022-01-03 21:38:20,6,1,Books,Books,True,realistic_sparse_v1
100000,train_0000002,3,2022-01-03 21:38:52,6,1,Books,Books,True,realistic_sparse_v1
100000,train_0000002,4,2022-01-03 21:39:20,25,1,Lifestyle,Books,True,realistic_sparse_v1
100000,train_0000002,5,2022-01-03 21:40:17,25,1,Lifestyle,Books,True,realistic_sparse_v1
100000,train_0000002,6,2022-01-03 21:40:50,25,1,Lifestyle,Books,True,realistic_sparse_v1
100000,train_0000002,7,2022-01-03 21:41:15,25,1,Lifestyle,Books,True,realistic_sparse_v1
100000,train_0000002,8,2022-01-03 21:41:45,25,1,Lifestyle,Books,True,realistic_sparse_v1
100000,train_0000002,9,2022-01-03 21:42:28,25,1,Lifestyle,Books,True,realistic_sparse_v1
100000,train_0000002,10,2022-01-03 21:43:05,9,1,Home,Books,True,realistic_sparse_v1
100000,train_0000003,0,2022-01-10 11:02:24,6,1,Books,Books,True,realistic_sparse_v1
100000,train_0000003,1,2022-01-10 11:02:45,6,1,Books,Books,True,realistic_sparse_v1
100000,train_0000003,2,2022-01-10 11:03:24,6,1,Books,Books,True,realistic_sparse_v1
100000,train_0000003,3,2022-01-10 11:03:52,25,1,Lifestyle,Books,True,realistic_sparse_v1
100000,train_0000003,4,2022-01-10 11:04:41,9,1,Home,Books,True,realistic_sparse_v1
100000,train_0000003,5,2022-01-10 11:05:09,9,1,Home,Books,True,realistic_sparse_v1
100000,train_0000003,6,2022-01-10 11:05:31,9,1,Home,Books,True,realistic_sparse_v1
100000,train_0000003,7,2022-01-10 11:06:29,5,1,Toys,Books,True,realistic_sparse_v1
100000,train_0000004,0,2022-01-16 15:34:19,6,1,Books,Books,True,realistic_sparse_v1
100000,train_0000004,1,2022-01-16 15:34:52,22,1,Gaming,Books,True,realistic_sparse_v1
100000,train_0000004,2,2022-01-16 15:35:12,22,1,Gaming,Books,True,realistic_sparse_v1
100000,train_0000004,3,2022-01-16 15:35:45,23,1,Appliances,Books,True,realistic_sparse_v1
100000,train_0000004,4,2022-01-16 15:36:23,23,1,Appliances,Books,True,realistic_sparse_v1
100000,train_0000004,5,2022-01-16 15:37:15,23,1,Appliances,Books,True,realistic_sparse_v1
100000,train_0000004,6,2022-01-16 15:37:53,23,1,Appliances,Books,True,realistic_sparse_v1
100000,train_0000005,0,2022-01-12 13:59:04,6,1,Books,Books,True,realistic_sparse_v1
100000,train_0000005,1,2022-01-12 13:59:47,6,1,Books,Books,True,realistic_sparse_v1
100000,train_0000005,2,2022-01-12 14:00:27,5,1,Toys,Books,True,realistic_sparse_v1
100000,train_0000006,0,2022-01-02 17:53:22,6,1,Books,Books,True,realistic_sparse_v1
100000,train_0000006,1,2022-01-02 17:53:56,6,1,Books,Books,True,realistic_sparse_v1
100000,train_0000006,2,2022-01-02 17:54:29,22,1,Gaming,Books,True,realistic_sparse_v1
100000,train_0000006,3,2022-01-02 17:54:47,11,1,Electronics,Books,True,realistic_sparse_v1
100000,train_0000006,4,2022-01-02 17:55:39,23,1,Appliances,Books,True,realistic_sparse_v1
100001,test_0000012,0,2022-02-14 17:52:17,22,1,Gaming,Gaming,True,realistic_sparse_v1
100001,test_0000012,1,2022-02-14 17:52:40,22,1,Gaming,Gaming,True,realistic_sparse_v1
100001,test_0000012,2,2022-02-14 17:53:22,5,1,Toys,Gaming,True,realistic_sparse_v1
100001,train_0000011,0,2022-01-07 15:16:17,22,1,Gaming,Gaming,True,realistic_sparse_v1
100001,train_0000011,1,2022-01-07 15:16:36,22,1,Gaming,Gaming,True,realistic_sparse_v1
100001,train_0000011,2,2022-01-07 15:17:31,11,1,Electronics,Gaming,True,realistic_sparse_v1
100001,train_0000011,3,2022-01-07 15:18:05,11,1,Electronics,Gaming,True,realistic_sparse_v1
100001,train_0000011,4,2022-01-07 15:18:36,11,1,Electronics,Gaming,True,realistic_sparse_v1
100001,train_0000011,5,2022-01-07 15:18:57,11,1,Electronics,Gaming,True,realistic_sparse_v1
100001,train_0000011,6,2022-01-07 15:19:35,11,1,Electronics,Gaming,True,realistic_sparse_v1
100001,train_0000011,7,2022-01-07 15:20:27,22,1,Gaming,Gaming,True,realistic_sparse_v1
100001,train_0000011,8,2022-01-07 15:20:41,22,1,Gaming,Gaming,True,realistic_sparse_v1
100001,train_0000011,9,2022-01-07 15:21:33,22,1,Gaming,Gaming,True,realistic_sparse_v1
100002,test_0000020,0,2022-03-26 19:10:02,23,1,Appliances,Electronics,True,realistic_sparse_v1
100002,test_0000020,1,2022-03-26 19:10:54,11,1,Electronics,Electronics,True,realistic_sparse_v1
100002,test_0000020,2,2022-03-26 19:11:23,11,1,Electronics,Electronics,True,realistic_sparse_v1
100002,test_0000020,3,2022-03-26 19:11:56,11,1,Electronics,Electronics,True,realistic_sparse_v1
100002,test_0000020,4,2022-03-26 19:12:32,11,1,Electronics,Electronics,True,realistic_sparse_v1
100002,test_0000020,5,2022-03-26 19:13:03,9,1,Home,Electronics,True,realistic_sparse_v1
100002,test_0000020,6,2022-03-26 19:13:50,9,1,Home,Electronics,True,realistic_sparse_v1
100002,test_0000020,7,2022-03-26 19:14:18,6,1,Books,Electronics,True,realistic_sparse_v1
100002,test_0000020,8,2022-03-26 19:14:56,9,1,Home,Electronics,True,realistic_sparse_v1
100002,test_0000020,9,2022-03-26 19:15:21,5,1,Toys,Electronics,True,realistic_sparse_v1
100002,test_0000020,10,2022-03-26 19:16:09,5,1,Toys,Electronics,True,realistic_sparse_v1
100002,test_0000021,0,2022-02-06 08:05:02,11,1,Electronics,Electronics,True,realistic_sparse_v1
100002,test_0000021,1,2022-02-06 08:05:59,11,1,Electronics,Electronics,True,realistic_sparse_v1
100002,test_0000021,2,2022-02-06 08:06:10,11,1,Electronics,Electronics,True,realistic_sparse_v1
100002,test_0000021,3,2022-02-06 08:07:09,11,1,Electronics,Electronics,True,realistic_sparse_v1
100002,test_0000021,4,2022-02-06 08:07:44,22,1,Gaming,Electronics,True,realistic_sparse_v1
100002,test_0000021,5,2022-02-06 08:08:05,22,1,Gaming,Electronics,True,realistic_sparse_v1
100002,test_0000021,6,2022-02-06 08:08:40,21,1,Mobile,Electronics,True,realistic_sparse_v1
100002,test_0000021,7,2022-02-06 08:09:06,21,1,Mobile,Electronics,True,realistic_sparse_v1
100002,test_0000021,8,2022-02-06 08:09:51,22,1,Gaming,Electronics,True,realistic_sparse_v1
100002,test_0000022,0,2022-04-11 14:41:17,11,1,Electronics,Electronics,True,realistic_sparse_v1
100002,test_0000022,1,2022-04-11 14:41:44,5,1,Toys,Electronics,True,realistic_sparse_v1
100002,test_0000022,2,2022-04-11 14:42:29,9,1,Home,Electronics,True,realistic_sparse_v1
100002,test_0000022,3,2022-04-11 14:43:06,9,1,Home,Electronics,True,realistic_sparse_v1
100002,test_0000022,4,2022-04-11 14:43:44,9,1,Home,Electronics,True,realistic_sparse_v1
100002,test_0000022,5,2022-04-11 14:44:10,9,1,Home,Electronics,True,realistic_sparse_v1
100002,test_0000022,6,2022-04-11 14:44:37,11,1,Electronics,Electronics,True,realistic_sparse_v1
100002,test_0000022,7,2022-04-11 14:45:17,19,1,Vehicles,Electronics,True,realistic_sparse_v1
100002,train_0000013,0,2022-01-18 14:59:08,11,1,Electronics,Electronics,True,realistic_sparse_v1
100002,train_0000013,1,2022-01-18 14:59:53,11,1,Electronics,Electronics,True,realistic_sparse_v1
100002,train_0000013,2,2022-01-18 15:00:13,11,1,Electronics,Electronics,True,realistic_sparse_v1
100002,train_0000013,3,2022-01-18 15:00:54,11,1,Electronics,Electronics,True,realistic_sparse_v1
100002,train_0000013,4,2022-01-18 15:01:27,11,1,Electronics,Electronics,True,realistic_sparse_v1
100002,train_0000014,0,2022-01-28 17:18:12,11,1,Electronics,Electronics,True,realistic_sparse_v1
100002,train_0000014,1,2022-01-28 17:18:51,11,1,Electronics,Electronics,True,realistic_sparse_v1
100002,train_0000014,2,2022-01-28 17:19:26,11,1,Electronics,Electronics,True,realistic_sparse_v1
100002,train_0000014,3,2022-01-28 17:20:05,11,1,Electronics,Electronics,True,realistic_sparse_v1
100002,train_0000014,4,2022-01-28 17:20:43,21,1,Mobile,Electronics,True,realistic_sparse_v1
100002,train_0000014,5,2022-01-28 17:21:14,21,1,Mobile,Electronics,True,realistic_sparse_v1
100002,train_0000014,6,2022-01-28 17:21:47,21,1,Mobile,Electronics,True,realistic_sparse_v1
100002,train_0000014,7,2022-01-28 17:22:12,11,1,Electronics,Electronics,True,realistic_sparse_v1
100002,train_0000014,8,2022-01-28 17:22:56,22,1,Gaming,Electronics,True,realistic_sparse_v1
100002,train_0000014,9,2022-01-28 17:23:15,11,1,Electronics,Electronics,True,realistic_sparse_v1
100002,train_0000014,10,2022-01-28 17:23:58,11,1,Electronics,Electronics,True,realistic_sparse_v1
100002,train_0000014,11,2022-01-28 17:24:39,23,1,Appliances,Electronics,True,realistic_sparse_v1
100002,train_0000014,12,2022-01-28 17:25:22,21,1,Mobile,Electronics,True,realistic_sparse_v1
100002,train_0000015,0,2022-01-11 10:36:20,11,1,Electronics,Electronics,True,realistic_sparse_v1
100002,train_0000015,1,2022-01-11 10:36:56,11,1,Electronics,Electronics,True,realistic_sparse_v1
100002,train_0000015,2,2022-01-11 10:37:10,11,1,Electronics,Electronics,True,realistic_sparse_v1
100002,train_0000015,3,2022-01-11 10:37:56,11,1,Electronics,Electronics,True,realistic_sparse_v1
100002,train_0000016,0,2022-01-09 17:34:03,11,1,Electronics,Electronics,True,realistic_sparse_v1
100002,train_0000016,1,2022-01-09 17:34:54,11,1,Electronics,Electronics,True,realistic_sparse_v1
100002,train_0000016,2,2022-01-09 17:35:11,11,1,Electronics,Electronics,True,realistic_sparse_v1
100002,train_0000016,3,2022-01-09 17:35:46,23,1,Appliances,Electronics,True,realistic_sparse_v1
100002,train_0000016,4,2022-01-09 17:36:41,11,1,Electronics,Electronics,True,realistic_sparse_v1
100002,train_0000016,5,2022-01-09 17:36:59,21,1,Mobile,Electronics,True,realistic_sparse_v1
100002,train_0000016,6,2022-01-09 17:37:45,21,1,Mobile,Electronics,True,realistic_sparse_v1
100002,train_0000016,7,2022-01-09 17:38:23,21,1,Mobile,Electronics,True,realistic_sparse_v1
100002,train_0000016,8,2022-01-09 17:38:44,22,1,Gaming,Electronics,True,realistic_sparse_v1
100002,train_0000016,9,2022-01-09 17:39:21,22,1,Gaming,Electronics,True,realistic_sparse_v1
100002,train_0000017,0,2022-01-03 13:07:19,11,1,Electronics,Electronics,True,realistic_sparse_v1
100002,train_0000017,1,2022-01-03 13:07:59,23,1,Appliances,Electronics,True,realistic_sparse_v1
100002,train_0000017,2,2022-01-03 13:08:25,23,1,Appliances,Electronics,True,realistic_sparse_v1
100002,train_0000017,3,2022-01-03 13:09:04,23,1,Appliances,Electronics,True,realistic_sparse_v1
100002,train_0000017,4,2022-01-03 13:09:22,20,1,Travel,Electronics,True,realistic_sparse_v1
100002,train_0000017,5,2022-01-03 13:10:02,20,1,Travel,Electronics,True,realistic_sparse_v1
100002,train_0000017,6,2022-01-03 13:10:52,20,1,Travel,Electronics,True,realistic_sparse_v1
100002,train_0000017,7,2022-01-03 13:11:13,19,1,Vehicles,Electronics,True,realistic_sparse_v1
100002,train_0000017,8,2022-01-03 13:11:46,20,1,Travel,Electronics,True,realistic_sparse_v1
100002,train_0000017,9,2022-01-03 13:12:30,20,1,Travel,Electronics,True,realistic_sparse_v1
100002,train_0000017,10,2022-01-03 13:12:52,20,1,Travel,Electronics,True,realistic_sparse_v1
100002,train_0000018,0,2022-01-04 19:17:21,23,1,Appliances,Electronics,True,realistic_sparse_v1
100002,train_0000018,1,2022-01-04 19:17:47,11,1,Electronics,Electronics,True,realistic_sparse_v1
100002,train_0000018,2,2022-01-04 19:18:25,11,1,Electronics,Electronics,True,realistic_sparse_v1
100002,train_0000018,3,2022-01-04 19:18:56,11,1,Electronics,Electronics,True,realistic_sparse_v1
100002,train_0000018,4,2022-01-04 19:19:38,23,1,Appliances,Electronics,True,realistic_sparse_v1
100002,train_0000018,5,2022-01-04 19:20:10,23,1,Appliances,Electronics,True,realistic_sparse_v1
100002,train_0000018,6,2022-01-04 19:20:36,23,1,Appliances,Electronics,True,realistic_sparse_v1
100002,train_0000018,7,2022-01-04 19:21:24,23,1,Appliances,Electronics,True,realistic_sparse_v1
100002,train_0000018,8,2022-01-04 19:21:57,23,1,Appliances,Electronics,True,realistic_sparse_v1
100002,train_0000018,9,2022-01-04 19:22:17,21,1,Mobile,Electronics,True,realistic_sparse_v1
100002,train_0000018,10,2022-01-04 19:23:02,21,1,Mobile,Electronics,True,realistic_sparse_v1
100002,train_0000018,11,2022-01-04 19:23:33,21,1,Mobile,Electronics,True,realistic_sparse_v1
100002,train_0000018,12,2022-01-04 19:24:16,22,1,Gaming,Electronics,True,realistic_sparse_v1
100002,train_0000019,0,2022-01-13 20:23:12,11,1,Electronics,Electronics,True,realistic_sparse_v1
100002,train_0000019,1,2022-01-13 20:23:54,11,1,Electronics,Electronics,True,realistic_sparse_v1
100002,train_0000019,2,2022-01-13 20:24:23,23,1,Appliances,Electronics,True,realistic_sparse_v1
100002,train_0000019,3,2022-01-13 20:24:57,21,1,Mobile,Electronics,True,realistic_sparse_v1
100002,train_0000019,4,2022-01-13 20:25:22,21,1,Mobile,Electronics,True,realistic_sparse_v1
100002,train_0000019,5,2022-01-13 20:25:55,21,1,Mobile,Electronics,True,realistic_sparse_v1
100003,test_0000025,0,2022-02-14 15:45:13,11,1,Electronics,Electronics,True,realistic_sparse_v1
100003,test_0000025,1,2022-02-14 15:45:57,11,1,Electronics,Electronics,True,realistic_sparse_v1
100003,test_0000025,2,2022-02-14 15:46:24,11,1,Electronics,Electronics,True,realistic_sparse_v1
100003,test_0000025,3,2022-02-14 15:47:01,23,1,Appliances,Electronics,True,realistic_sparse_v1
100003,test_0000025,4,2022-02-14 15:47:31,23,1,Appliances,Electronics,True,realistic_sparse_v1
100003,test_0000025,5,2022-02-14 15:48:17,23,1,Appliances,Electronics,True,realistic_sparse_v1
100003,test_0000025,6,2022-02-14 15:48:42,23,1,Appliances,Electronics,True,realistic_sparse_v1
100003,test_0000025,7,2022-02-14 15:49:10,11,1,Electronics,Electronics,True,realistic_sparse_v1
100003,test_0000025,8,2022-02-14 15:49:48,11,1,Electronics,Electronics,True,realistic_sparse_v1
100003,test_0000025,9,2022-02-14 15:50:15,11,1,Electronics,Electronics,True,realistic_sparse_v1
100003,test_0000025,10,2022-02-14 15:51:04,21,1,Mobile,Electronics,True,realistic_sparse_v1
100003,train_0000023,0,2022-01-12 22:02:17,21,1,Mobile,Electronics,True,realistic_sparse_v1
100003,train_0000023,1,2022-01-12 22:02:40,22,1,Gaming,Electronics,True,realistic_sparse_v1
100003,train_0000023,2,2022-01-12 22:03:30,22,1,Gaming,Electronics,True,realistic_sparse_v1
100003,train_0000023,3,2022-01-12 22:04:02,11,1,Electronics,Electronics,True,realistic_sparse_v1
100003,train_0000024,0,2022-01-25 13:07:19,21,1,Mobile,Electronics,True,realistic_sparse_v1
100003,train_0000024,1,2022-01-25 13:07:45,21,1,Mobile,Electronics,True,realistic_sparse_v1
100003,train_0000024,2,2022-01-25 13:08:26,21,1,Mobile,Electronics,True,realistic_sparse_v1
100003,train_0000024,3,2022-01-25 13:09:03,21,1,Mobile,Electronics,True,realistic_sparse_v1
100003,train_0000024,4,2022-01-25 13:09:41,21,1,Mobile,Electronics,True,realistic_sparse_v1
100004,test_0000027,0,2022-04-13 22:54:01,21,1,Mobile,Appliances,True,realistic_sparse_v1
100004,test_0000027,1,2022-04-13 22:54:41,23,1,Appliances,Appliances,True,realistic_sparse_v1
100004,test_0000027,2,2022-04-13 22:55:11,23,1,Appliances,Appliances,True,realistic_sparse_v1
100004,test_0000027,3,2022-04-13 22:56:06,11,1,Electronics,Appliances,True,realistic_sparse_v1
100004,train_0000026,0,2022-01-10 12:20:17,21,1,Mobile,Appliances,True,realistic_sparse_v1
100004,train_0000026,1,2022-01-10 12:20:35,21,1,Mobile,Appliances,True,realistic_sparse_v1
100004,train_0000026,2,2022-01-10 12:21:16,21,1,Mobile,Appliances,True,realistic_sparse_v1
100005,test_0000031,0,2022-02-06 21:57:04,25,1,Lifestyle,Travel,True,realistic_sparse_v1
100005,test_0000031,1,2022-02-06 21:57:42,9,1,Home,Travel,True,realistic_sparse_v1
100005,test_0000031,2,2022-02-06 21:58:21,20,1,Travel,Travel,True,realistic_sparse_v1
100005,test_0000031,3,2022-02-06 21:58:45,25,1,Lifestyle,Travel,True,realistic_sparse_v1
100005,test_0000031,4,2022-02-06 21:59:27,9,1,Home,Travel,True,realistic_sparse_v1
100005,test_0000031,5,2022-02-06 22:00:14,9,1,Home,Travel,True,realistic_sparse_v1
100005,test_0000031,6,2022-02-06 22:00:45,9,1,Home,Travel,True,realistic_sparse_v1
100005,test_0000031,7,2022-02-06 22:01:26,9,1,Home,Travel,True,realistic_sparse_v1
100005,train_0000028,0,2022-01-10 08:15:15,20,1,Travel,Travel,True,realistic_sparse_v1
100005,train_0000028,1,2022-01-10 08:15:54,20,1,Travel,Travel,True,realistic_sparse_v1
100005,train_0000028,2,2022-01-10 08:16:27,20,1,Travel,Travel,True,realistic_sparse_v1
100005,train_0000028,3,2022-01-10 08:16:54,20,1,Travel,Travel,True,realistic_sparse_v1
100005,train_0000028,4,2022-01-10 08:17:43,19,1,Vehicles,Travel,True,realistic_sparse_v1
100005,train_0000028,5,2022-01-10 08:17:57,21,1,Mobile,Travel,True,realistic_sparse_v1
100005,train_0000028,6,2022-01-10 08:18:50,20,1,Travel,Travel,True,realistic_sparse_v1
100005,train_0000029,0,2022-01-10 21:34:19,20,1,Travel,Travel,True,realistic_sparse_v1
100005,train_0000029,1,2022-01-10 21:34:46,20,1,Travel,Travel,True,realistic_sparse_v1
100005,train_0000029,2,2022-01-10 21:35:24,25,1,Lifestyle,Travel,True,realistic_sparse_v1
100005,train_0000030,0,2022-01-09 23:37:16,20,1,Travel,Travel,True,realistic_sparse_v1
100005,train_0000030,1,2022-01-09 23:37:59,20,1,Travel,Travel,True,realistic_sparse_v1
100005,train_0000030,2,2022-01-09 23:38:26,20,1,Travel,Travel,True,realistic_sparse_v1
100005,train_0000030,3,2022-01-09 23:39:01,25,1,Lifestyle,Travel,True,realistic_sparse_v1
100005,train_0000030,4,2022-01-09 23:39:24,25,1,Lifestyle,Travel,True,realistic_sparse_v1
100005,train_0000030,5,2022-01-09 23:40:15,25,1,Lifestyle,Travel,True,realistic_sparse_v1
100005,train_0000030,6,2022-01-09 23:40:54,20,1,Travel,Travel,True,realistic_sparse_v1
100005,train_0000030,7,2022-01-09 23:41:09,20,1,Travel,Travel,True,realistic_sparse_v1
100005,train_0000030,8,2022-01-09 23:41:40,19,1,Vehicles,Travel,True,realistic_sparse_v1
100005,train_0000030,9,2022-01-09 23:42:26,25,1,Lifestyle,Travel,True,realistic_sparse_v1
100005,train_0000030,10,2022-01-09 23:42:57,25,1,Lifestyle,Travel,True,realistic_sparse_v1
100005,train_0000030,11,2022-01-09 23:43:33,25,1,Lifestyle,Travel,True,realistic_sparse_v1
100005,train_0000030,12,2022-01-09 23:44:07,20,1,Travel,Travel,True,realistic_sparse_v1
100006,test_0000034,0,2022-02-01 14:24:05,11,1,Electronics,Gaming,True,realistic_sparse_v1
100006,test_0000034,1,2022-02-01 14:24:47,11,1,Electronics,Gaming,True,realistic_sparse_v1
100006,test_0000034,2,2022-02-01 14:25:21,11,1,Electronics,Gaming,True,realistic_sparse_v1
100006,test_0000034,3,2022-02-01 14:26:01,22,1,Gaming,Gaming,True,realistic_sparse_v1
100006,test_0000034,4,2022-02-01 14:26:25,22,1,Gaming,Gaming,True,realistic_sparse_v1
100006,test_0000034,5,2022-02-01 14:27:15,21,1,Mobile,Gaming,True,realistic_sparse_v1
100006,test_0000035,0,2022-04-11 10:33:17,22,1,Gaming,Gaming,True,realistic_sparse_v1
100006,test_0000035,1,2022-04-11 10:33:51,22,1,Gaming,Gaming,True,realistic_sparse_v1
100006,test_0000035,2,2022-04-11 10:34:11,5,1,Toys,Gaming,True,realistic_sparse_v1
100006,test_0000035,3,2022-04-11 10:34:59,5,1,Toys,Gaming,True,realistic_sparse_v1
100006,train_0000032,0,2022-01-26 15:33:00,22,1,Gaming,Gaming,True,realistic_sparse_v1
100006,train_0000032,1,2022-01-26 15:33:41,22,1,Gaming,Gaming,True,realistic_sparse_v1
100006,train_0000032,2,2022-01-26 15:34:32,22,1,Gaming,Gaming,True,realistic_sparse_v1
100006,train_0000032,3,2022-01-26 15:34:59,22,1,Gaming,Gaming,True,realistic_sparse_v1
100006,train_0000032,4,2022-01-26 15:35:32,22,1,Gaming,Gaming,True,realistic_sparse_v1
100006,train_0000032,5,2022-01-26 15:36:00,22,1,Gaming,Gaming,True,realistic_sparse_v1
100006,train_0000033,0,2022-01-24 13:48:18,22,1,Gaming,Gaming,True,realistic_sparse_v1
100006,train_0000033,1,2022-01-24 13:48:42,22,1,Gaming,Gaming,True,realistic_sparse_v1
100006,train_0000033,2,2022-01-24 13:49:34,22,1,Gaming,Gaming,True,realistic_sparse_v1
100006,train_0000033,3,2022-01-24 13:50:02,22,1,Gaming,Gaming,True,realistic_sparse_v1
100006,train_0000033,4,2022-01-24 13:50:39,22,1,Gaming,Gaming,True,realistic_sparse_v1
100006,train_0000033,5,2022-01-24 13:51:19,22,1,Gaming,Gaming,True,realistic_sparse_v1
100006,train_0000033,6,2022-01-24 13:51:43,11,1,Electronics,Gaming,True,realistic_sparse_v1
100007,test_0000042,0,2022-02-01 20:28:19,9,1,Home,Home,True,realistic_sparse_v1
100007,test_0000042,1,2022-02-01 20:28:36,9,1,Home,Home,True,realistic_sparse_v1
100007,test_0000042,2,2022-02-01 20:29:29,23,1,Appliances,Home,True,realistic_sparse_v1
100007,test_0000043,0,2022-04-05 16:22:17,23,1,Appliances,Home,True,realistic_sparse_v1
100007,test_0000043,1,2022-04-05 16:22:56,23,1,Appliances,Home,True,realistic_sparse_v1
100007,test_0000043,2,2022-04-05 16:23:34,21,1,Mobile,Home,True,realistic_sparse_v1
100007,train_0000036,0,2022-01-20 11:49:04,9,1,Home,Home,True,realistic_sparse_v1
100007,train_0000036,1,2022-01-20 11:49:52,9,1,Home,Home,True,realistic_sparse_v1
100007,train_0000036,2,2022-01-20 11:50:11,9,1,Home,Home,True,realistic_sparse_v1
100007,train_0000036,3,2022-01-20 11:50:50,9,1,Home,Home,True,realistic_sparse_v1
100007,train_0000036,4,2022-01-20 11:51:44,5,1,Toys,Home,True,realistic_sparse_v1
100007,train_0000036,5,2022-01-20 11:51:56,5,1,Toys,Home,True,realistic_sparse_v1
100007,train_0000036,6,2022-01-20 11:52:46,5,1,Toys,Home,True,realistic_sparse_v1
100007,train_0000037,0,2022-01-10 21:34:23,23,1,Appliances,Home,True,realistic_sparse_v1
100007,train_0000037,1,2022-01-10 21:34:46,23,1,Appliances,Home,True,realistic_sparse_v1
100007,train_0000037,2,2022-01-10 21:35:15,23,1,Appliances,Home,True,realistic_sparse_v1
100007,train_0000037,3,2022-01-10 21:35:53,23,1,Appliances,Home,True,realistic_sparse_v1
100007,train_0000037,4,2022-01-10 21:36:22,23,1,Appliances,Home,True,realistic_sparse_v1
100007,train_0000037,5,2022-01-10 21:37:19,23,1,Appliances,Home,True,realistic_sparse_v1
100007,train_0000037,6,2022-01-10 21:37:39,23,1,Appliances,Home,True,realistic_sparse_v1
100007,train_0000038,0,2022-01-25 18:08:08,9,1,Home,Home,True,realistic_sparse_v1
100007,train_0000038,1,2022-01-25 18:08:36,9,1,Home,Home,True,realistic_sparse_v1
100007,train_0000038,2,2022-01-25 18:09:14,5,1,Toys,Home,True,realistic_sparse_v1
100007,train_0000038,3,2022-01-25 18:09:54,5,1,Toys,Home,True,realistic_sparse_v1
100007,train_0000038,4,2022-01-25 18:10:37,5,1,Toys,Home,True,realistic_sparse_v1
100007,train_0000038,5,2022-01-25 18:11:16,5,1,Toys,Home,True,realistic_sparse_v1
100007,train_0000038,6,2022-01-25 18:11:54,6,1,Books,Home,True,realistic_sparse_v1
100007,train_0000038,7,2022-01-25 18:12:18,6,1,Books,Home,True,realistic_sparse_v1
100007,train_0000038,8,2022-01-25 18:13:00,6,1,Books,Home,True,realistic_sparse_v1
100007,train_0000039,0,2022-01-15 17:45:20,23,1,Appliances,Home,True,realistic_sparse_v1
100007,train_0000039,1,2022-01-15 17:45:45,23,1,Appliances,Home,True,realistic_sparse_v1
100007,train_0000039,2,2022-01-15 17:46:25,23,1,Appliances,Home,True,realistic_sparse_v1
100007,train_0000039,3,2022-01-15 17:47:05,9,1,Home,Home,True,realistic_sparse_v1
100007,train_0000039,4,2022-01-15 17:47:22,9,1,Home,Home,True,realistic_sparse_v1
100007,train_0000040,0,2022-01-11 11:11:15,9,1,Home,Home,True,realistic_sparse_v1
100007,train_0000040,1,2022-01-11 11:11:43,9,1,Home,Home,True,realistic_sparse_v1
100007,train_0000040,2,2022-01-11 11:12:19,9,1,Home,Home,True,realistic_sparse_v1
100007,train_0000040,3,2022-01-11 11:13:02,9,1,Home,Home,True,realistic_sparse_v1
100007,train_0000040,4,2022-01-11 11:13:39,21,1,Mobile,Home,True,realistic_sparse_v1
100007,train_0000040,5,2022-01-11 11:14:00,21,1,Mobile,Home,True,realistic_sparse_v1
100007,train_0000040,6,2022-01-11 11:14:34,21,1,Mobile,Home,True,realistic_sparse_v1
100007,train_0000041,0,2022-01-27 14:40:19,23,1,Appliances,Home,True,realistic_sparse_v1
100007,train_0000041,1,2022-01-27 14:40:38,23,1,Appliances,Home,True,realistic_sparse_v1
100007,train_0000041,2,2022-01-27 14:41:23,23,1,Appliances,Home,True,realistic_sparse_v1
100007,train_0000041,3,2022-01-27 14:41:50,11,1,Electronics,Home,True,realistic_sparse_v1
100007,train_0000041,4,2022-01-27 14:42:34,11,1,Electronics,Home,True,realistic_sparse_v1
100007,train_0000041,5,2022-01-27 14:43:09,23,1,Appliances,Home,True,realistic_sparse_v1
100008,test_0000048,0,2022-02-20 17:51:21,23,1,Appliances,Mobile,True,realistic_sparse_v1
100008,test_0000048,1,2022-02-20 17:51:43,23,1,Appliances,Mobile,True,realistic_sparse_v1
100008,test_0000048,2,2022-02-20 17:52:11,22,1,Gaming,Mobile,True,realistic_sparse_v1
100008,test_0000048,3,2022-02-20 17:52:53,21,1,Mobile,Mobile,True,realistic_sparse_v1
100008,test_0000049,0,2022-03-05 23:50:13,21,1,Mobile,Mobile,True,realistic_sparse_v1
100008,test_0000049,1,2022-03-05 23:50:35,21,1,Mobile,Mobile,True,realistic_sparse_v1
100008,test_0000049,2,2022-03-05 23:51:27,21,1,Mobile,Mobile,True,realistic_sparse_v1
100008,test_0000049,3,2022-03-05 23:52:01,22,1,Gaming,Mobile,True,realistic_sparse_v1
100008,test_0000049,4,2022-03-05 23:52:20,22,1,Gaming,Mobile,True,realistic_sparse_v1
100008,train_0000044,0,2022-01-21 23:59:09,21,1,Mobile,Mobile,True,realistic_sparse_v1
100008,train_0000044,1,2022-01-21 23:59:58,23,1,Appliances,Mobile,True,realistic_sparse_v1
100008,train_0000044,2,2022-01-22 00:00:19,23,1,Appliances,Mobile,True,realistic_sparse_v1
100008,train_0000044,3,2022-01-22 00:00:49,23,1,Appliances,Mobile,True,realistic_sparse_v1
100008,train_0000045,0,2022-01-26 22:43:24,22,1,Gaming,Mobile,True,realistic_sparse_v1
100008,train_0000045,1,2022-01-26 22:43:46,22,1,Gaming,Mobile,True,realistic_sparse_v1
100008,train_0000045,2,2022-01-26 22:44:20,11,1,Electronics,Mobile,True,realistic_sparse_v1
100008,train_0000045,3,2022-01-26 22:44:48,11,1,Electronics,Mobile,True,realistic_sparse_v1
100008,train_0000045,4,2022-01-26 22:45:23,11,1,Electronics,Mobile,True,realistic_sparse_v1
100008,train_0000045,5,2022-01-26 22:46:11,19,1,Vehicles,Mobile,True,realistic_sparse_v1
100008,train_0000045,6,2022-01-26 22:46:53,19,1,Vehicles,Mobile,True,realistic_sparse_v1
100008,train_0000046,0,2022-01-17 14:42:11,21,1,Mobile,Mobile,True,realistic_sparse_v1
100008,train_0000046,1,2022-01-17 14:42:58,21,1,Mobile,Mobile,True,realistic_sparse_v1
100008,train_0000046,2,2022-01-17 14:43:13,21,1,Mobile,Mobile,True,realistic_sparse_v1
100008,train_0000046,3,2022-01-17 14:43:49,21,1,Mobile,Mobile,True,realistic_sparse_v1
100008,train_0000046,4,2022-01-17 14:44:37,11,1,Electronics,Mobile,True,realistic_sparse_v1
100008,train_0000046,5,2022-01-17 14:45:08,11,1,Electronics,Mobile,True,realistic_sparse_v1
100008,train_0000047,0,2022-01-03 17:50:15,21,1,Mobile,Mobile,True,realistic_sparse_v1
100008,train_0000047,1,2022-01-03 17:50:57,21,1,Mobile,Mobile,True,realistic_sparse_v1
100008,train_0000047,2,2022-01-03 17:51:24,21,1,Mobile,Mobile,True,realistic_sparse_v1
100008,train_0000047,3,2022-01-03 17:51:54,22,1,Gaming,Mobile,True,realistic_sparse_v1
100009,test_0000054,0,2022-03-01 11:56:08,19,1,Vehicles,Vehicles,True,realistic_sparse_v1
100009,test_0000054,1,2022-03-01 11:56:52,11,1,Electronics,Vehicles,True,realistic_sparse_v1
100009,test_0000054,2,2022-03-01 11:57:33,11,1,Electronics,Vehicles,True,realistic_sparse_v1
100009,test_0000054,3,2022-03-01 11:57:58,11,1,Electronics,Vehicles,True,realistic_sparse_v1
100009,test_0000054,4,2022-03-01 11:58:35,22,1,Gaming,Vehicles,True,realistic_sparse_v1
100009,train_0000050,0,2022-01-06 16:16:10,11,1,Electronics,Vehicles,True,realistic_sparse_v1
100009,train_0000050,1,2022-01-06 16:16:35,11,1,Electronics,Vehicles,True,realistic_sparse_v1
100009,train_0000050,2,2022-01-06 16:17:20,11,1,Electronics,Vehicles,True,realistic_sparse_v1
100009,train_0000051,0,2022-01-13 15:52:06,19,1,Vehicles,Vehicles,True,realistic_sparse_v1
100009,train_0000051,1,2022-01-13 15:52:45,19,1,Vehicles,Vehicles,True,realistic_sparse_v1
100009,train_0000051,2,2022-01-13 15:53:18,20,1,Travel,Vehicles,True,realistic_sparse_v1
100009,train_0000051,3,2022-01-13 15:53:57,20,1,Travel,Vehicles,True,realistic_sparse_v1
100009,train_0000051,4,2022-01-13 15:54:21,20,1,Travel,Vehicles,True,realistic_sparse_v1
100009,train_0000051,5,2022-01-13 15:55:19,19,1,Vehicles,Vehicles,True,realistic_sparse_v1
100009,train_0000052,0,2022-01-17 13:23:00,11,1,Electronics,Vehicles,True,realistic_sparse_v1
100009,train_0000052,1,2022-01-17 13:23:47,11,1,Electronics,Vehicles,True,realistic_sparse_v1
100009,train_0000052,2,2022-01-17 13:24:23,11,1,Electronics,Vehicles,True,realistic_sparse_v1
100009,train_0000052,3,2022-01-17 13:25:00,11,1,Electronics,Vehicles,True,realistic_sparse_v1
100009,train_0000052,4,2022-01-17 13:25:33,11,1,Electronics,Vehicles,True,realistic_sparse_v1
100009,train_0000052,5,2022-01-17 13:26:00,22,1,Gaming,Vehicles,True,realistic_sparse_v1
100009,train_0000053,0,2022-01-28 21:06:20,19,1,Vehicles,Vehicles,True,realistic_sparse_v1
100009,train_0000053,1,2022-01-28 21:06:54,19,1,Vehicles,Vehicles,True,realistic_sparse_v1
100009,train_0000053,2,2022-01-28 21:07:12,19,1,Vehicles,Vehicles,True,realistic_sparse_v1
100009,train_0000053,3,2022-01-28 21:08:02,19,1,Vehicles,Vehicles,True,realistic_sparse_v1
100010,test_0000057,0,2022-03-10 19:57:09,9,1,Home,Home,True,realistic_sparse_v1
100010,test_0000057,1,2022-03-10 19:57:48,9,1,Home,Home,True,realistic_sparse_v1
100010,test_0000057,2,2022-03-10 19:58:25,9,1,Home,Home,True,realistic_sparse_v1
100010,test_0000057,3,2022-03-10 19:58:58,9,1,Home,Home,True,realistic_sparse_v1
100010,test_0000057,4,2022-03-10 19:59:31,9,1,Home,Home,True,realistic_sparse_v1
100010,test_0000058,0,2022-02-17 17:52:11,9,1,Home,Home,True,realistic_sparse_v1
100010,test_0000058,1,2022-02-17 17:52:47,9,1,Home,Home,True,realistic_sparse_v1
100010,test_0000058,2,2022-02-17 17:53:18,9,1,Home,Home,True,realistic_sparse_v1
100010,test_0000058,3,2022-02-17 17:53:51,9,1,Home,Home,True,realistic_sparse_v1
100010,test_0000058,4,2022-02-17 17:54:35,9,1,Home,Home,True,realistic_sparse_v1
100010,train_0000055,0,2022-01-21 13:39:02,9,1,Home,Home,True,realistic_sparse_v1
100010,train_0000055,1,2022-01-21 13:39:50,9,1,Home,Home,True,realistic_sparse_v1
100010,train_0000055,2,2022-01-21 13:40:22,25,1,Lifestyle,Home,True,realistic_sparse_v1
100010,train_0000055,3,2022-01-21 13:41:00,25,1,Lifestyle,Home,True,realistic_sparse_v1
100010,train_0000055,4,2022-01-21 13:41:20,20,1,Travel,Home,True,realistic_sparse_v1
100010,train_0000055,5,2022-01-21 13:42:17,9,1,Home,Home,True,realistic_sparse_v1
100010,train_0000055,6,2022-01-21 13:42:41,23,1,Appliances,Home,True,realistic_sparse_v1
100010,train_0000055,7,2022-01-21 13:43:12,20,1,Travel,Home,True,realistic_sparse_v1
100010,train_0000056,0,2022-01-10 23:03:06,5,1,Toys,Home,True,realistic_sparse_v1
100010,train_0000056,1,2022-01-10 23:03:37,9,1,Home,Home,True,realistic_sparse_v1
100010,train_0000056,2,2022-01-10 23:04:32,9,1,Home,Home,True,realistic_sparse_v1
100010,train_0000056,3,2022-01-10 23:04:50,9,1,Home,Home,True,realistic_sparse_v1
100010,train_0000056,4,2022-01-10 23:05:35,9,1,Home,Home,True,realistic_sparse_v1
100010,train_0000056,5,2022-01-10 23:06:11,9,1,Home,Home,True,realistic_sparse_v1
100010,train_0000056,6,2022-01-10 23:06:38,22,1,Gaming,Home,True,realistic_sparse_v1
100010,train_0000056,7,2022-01-10 23:07:08,22,1,Gaming,Home,True,realistic_sparse_v1
100010,train_0000056,8,2022-01-10 23:07:51,22,1,Gaming,Home,True,realistic_sparse_v1
100010,train_0000056,9,2022-01-10 23:08:30,22,1,Gaming,Home,True,realistic_sparse_v1
100011,test_0000063,0,2022-02-12 12:39:01,19,1,Vehicles,Vehicles,True,realistic_sparse_v1
100011,test_0000063,1,2022-02-12 12:39:57,19,1,Vehicles,Vehicles,True,realistic_sparse_v1
100011,test_0000063,2,2022-02-12 12:40:24,19,1,Vehicles,Vehicles,True,realistic_sparse_v1
100011,test_0000063,3,2022-02-12 12:41:05,19,1,Vehicles,Vehicles,True,realistic_sparse_v1
100011,test_0000063,4,2022-02-12 12:41:36,19,1,Vehicles,Vehicles,True,realistic_sparse_v1
100011,test_0000063,5,2022-02-12 12:42:16,19,1,Vehicles,Vehicles,True,realistic_sparse_v1
100011,test_0000064,0,2022-04-14 20:21:17,19,1,Vehicles,Vehicles,True,realistic_sparse_v1
100011,test_0000064,1,2022-04-14 20:21:37,11,1,Electronics,Vehicles,True,realistic_sparse_v1
100011,test_0000064,2,2022-04-14 20:22:24,11,1,Electronics,Vehicles,True,realistic_sparse_v1
100011,test_0000064,3,2022-04-14 20:23:05,11,1,Electronics,Vehicles,True,realistic_sparse_v1
100011,test_0000064,4,2022-04-14 20:23:27,19,1,Vehicles,Vehicles,True,realistic_sparse_v1
100011,train_0000059,0,2022-01-03 15:38:13,19,1,Vehicles,Vehicles,True,realistic_sparse_v1
100011,train_0000059,1,2022-01-03 15:38:44,6,1,Books,Vehicles,True,realistic_sparse_v1
100011,train_0000059,2,2022-01-03 15:39:14,6,1,Books,Vehicles,True,realistic_sparse_v1
100011,train_0000059,3,2022-01-03 15:40:02,6,1,Books,Vehicles,True,realistic_sparse_v1
100011,train_0000059,4,2022-01-03 15:40:23,6,1,Books,Vehicles,True,realistic_sparse_v1
100011,train_0000059,5,2022-01-03 15:41:03,6,1,Books,Vehicles,True,realistic_sparse_v1
100011,train_0000059,6,2022-01-03 15:41:39,25,1,Lifestyle,Vehicles,True,realistic_sparse_v1
100011,train_0000060,0,2022-01-27 15:45:00,19,1,Vehicles,Vehicles,True,realistic_sparse_v1
100011,train_0000060,1,2022-01-27 15:45:40,11,1,Electronics,Vehicles,True,realistic_sparse_v1
100011,train_0000060,2,2022-01-27 15:46:13,11,1,Electronics,Vehicles,True,realistic_sparse_v1
100011,train_0000060,3,2022-01-27 15:46:55,11,1,Electronics,Vehicles,True,realistic_sparse_v1
100011,train_0000061,0,2022-01-12 19:29:04,19,1,Vehicles,Vehicles,True,realistic_sparse_v1
100011,train_0000061,1,2022-01-12 19:29:59,21,1,Mobile,Vehicles,True,realistic_sparse_v1
100011,train_0000061,2,2022-01-12 19:30:12,19,1,Vehicles,Vehicles,True,realistic_sparse_v1
100011,train_0000061,3,2022-01-12 19:31:01,19,1,Vehicles,Vehicles,True,realistic_sparse_v1
100011,train_0000061,4,2022-01-12 19:31:42,19,1,Vehicles,Vehicles,True,realistic_sparse_v1
100011,train_0000062,0,2022-01-27 23:27:22,19,1,Vehicles,Vehicles,True,realistic_sparse_v1
100011,train_0000062,1,2022-01-27 23:27:49,20,1,Travel,Vehicles,True,realistic_sparse_v1
100011,train_0000062,2,2022-01-27 23:28:20,20,1,Travel,Vehicles,True,realistic_sparse_v1
100011,train_0000062,3,2022-01-27 23:29:01,19,1,Vehicles,Vehicles,True,realistic_sparse_v1
100011,train_0000062,4,2022-01-27 23:29:40,19,1,Vehicles,Vehicles,True,realistic_sparse_v1
100011,train_0000062,5,2022-01-27 23:30:09,19,1,Vehicles,Vehicles,True,realistic_sparse_v1
100011,train_0000062,6,2022-01-27 23:30:30,19,1,Vehicles,Vehicles,True,realistic_sparse_v1
100012,test_0000066,0,2022-02-07 10:24:09,5,1,Toys,Toys,True,realistic_sparse_v1
100012,test_0000066,1,2022-02-07 10:24:43,9,1,Home,Toys,True,realistic_sparse_v1
100012,test_0000066,2,2022-02-07 10:25:23,9,1,Home,Toys,True,realistic_sparse_v1
100012,test_0000066,3,2022-02-07 10:26:06,9,1,Home,Toys,True,realistic_sparse_v1
100012,test_0000066,4,2022-02-07 10:26:40,9,1,Home,Toys,True,realistic_sparse_v1
100012,test_0000066,5,2022-02-07 10:26:58,9,1,Home,Toys,True,realistic_sparse_v1
100012,train_0000065,0,2022-01-27 22:33:21,5,1,Toys,Toys,True,realistic_sparse_v1
100012,train_0000065,1,2022-01-27 22:33:41,5,1,Toys,Toys,True,realistic_sparse_v1
100012,train_0000065,2,2022-01-27 22:34:33,5,1,Toys,Toys,True,realistic_sparse_v1
100012,train_0000065,3,2022-01-27 22:34:49,5,1,Toys,Toys,True,realistic_sparse_v1
100012,train_0000065,4,2022-01-27 22:35:37,5,1,Toys,Toys,True,realistic_sparse_v1
100012,train_0000065,5,2022-01-27 22:36:02,5,1,Toys,Toys,True,realistic_sparse_v1
100012,train_0000065,6,2022-01-27 22:36:38,5,1,Toys,Toys,True,realistic_sparse_v1
100012,train_0000065,7,2022-01-27 22:37:19,6,1,Books,Toys,True,realistic_sparse_v1
100012,train_0000065,8,2022-01-27 22:37:57,6,1,Books,Toys,True,realistic_sparse_v1
100012,train_0000065,9,2022-01-27 22:38:33,6,1,Books,Toys,True,realistic_sparse_v1
100013,test_0000071,0,2022-04-11 23:34:02,9,1,Home,Home,True,realistic_sparse_v1
100013,test_0000071,1,2022-04-11 23:34:37,25,1,Lifestyle,Home,True,realistic_sparse_v1
100013,test_0000071,2,2022-04-11 23:35:19,25,1,Lifestyle,Home,True,realistic_sparse_v1
100013,test_0000071,3,2022-04-11 23:36:04,25,1,Lifestyle,Home,True,realistic_sparse_v1
100013,test_0000071,4,2022-04-11 23:36:37,25,1,Lifestyle,Home,True,realistic_sparse_v1
100013,test_0000071,5,2022-04-11 23:37:12,25,1,Lifestyle,Home,True,realistic_sparse_v1
100013,test_0000071,6,2022-04-11 23:37:49,25,1,Lifestyle,Home,True,realistic_sparse_v1
100013,test_0000072,0,2022-04-08 12:35:15,9,1,Home,Home,True,realistic_sparse_v1
100013,test_0000072,1,2022-04-08 12:35:58,9,1,Home,Home,True,realistic_sparse_v1
100013,test_0000072,2,2022-04-08 12:36:19,9,1,Home,Home,True,realistic_sparse_v1
100013,train_0000067,0,2022-01-15 18:30:07,9,1,Home,Home,True,realistic_sparse_v1
100013,train_0000067,1,2022-01-15 18:30:54,9,1,Home,Home,True,realistic_sparse_v1
100013,train_0000067,2,2022-01-15 18:31:10,9,1,Home,Home,True,realistic_sparse_v1
100013,train_0000067,3,2022-01-15 18:32:06,9,1,Home,Home,True,realistic_sparse_v1
100013,train_0000067,4,2022-01-15 18:32:44,9,1,Home,Home,True,realistic_sparse_v1
100013,train_0000067,5,2022-01-15 18:33:16,25,1,Lifestyle,Home,True,realistic_sparse_v1
100013,train_0000067,6,2022-01-15 18:33:54,25,1,Lifestyle,Home,True,realistic_sparse_v1
100013,train_0000067,7,2022-01-15 18:34:23,20,1,Travel,Home,True,realistic_sparse_v1
100013,train_0000067,8,2022-01-15 18:34:55,20,1,Travel,Home,True,realistic_sparse_v1
100013,train_0000068,0,2022-01-06 16:28:03,9,1,Home,Home,True,realistic_sparse_v1
100013,train_0000068,1,2022-01-06 16:28:38,9,1,Home,Home,True,realistic_sparse_v1
100013,train_0000068,2,2022-01-06 16:29:29,9,1,Home,Home,True,realistic_sparse_v1
100013,train_0000069,0,2022-01-20 08:15:05,9,1,Home,Home,True,realistic_sparse_v1
100013,train_0000069,1,2022-01-20 08:15:39,9,1,Home,Home,True,realistic_sparse_v1
100013,train_0000069,2,2022-01-20 08:16:32,9,1,Home,Home,True,realistic_sparse_v1
100013,train_0000069,3,2022-01-20 08:16:47,9,1,Home,Home,True,realistic_sparse_v1
100013,train_0000069,4,2022-01-20 08:17:32,9,1,Home,Home,True,realistic_sparse_v1
100013,train_0000069,5,2022-01-20 08:17:58,6,1,Books,Home,True,realistic_sparse_v1
100013,train_0000070,0,2022-01-22 12:17:00,9,1,Home,Home,True,realistic_sparse_v1
100013,train_0000070,1,2022-01-22 12:17:47,9,1,Home,Home,True,realistic_sparse_v1
100013,train_0000070,2,2022-01-22 12:18:27,9,1,Home,Home,True,realistic_sparse_v1
100013,train_0000070,3,2022-01-22 12:19:09,9,1,Home,Home,True,realistic_sparse_v1
100013,train_0000070,4,2022-01-22 12:19:42,9,1,Home,Home,True,realistic_sparse_v1
100013,train_0000070,5,2022-01-22 12:20:00,25,1,Lifestyle,Home,True,realistic_sparse_v1
100013,train_0000070,6,2022-01-22 12:20:32,25,1,Lifestyle,Home,True,realistic_sparse_v1
100013,train_0000070,7,2022-01-22 12:21:25,25,1,Lifestyle,Home,True,realistic_sparse_v1
100013,train_0000070,8,2022-01-22 12:21:42,25,1,Lifestyle,Home,True,realistic_sparse_v1
100013,train_0000070,9,2022-01-22 12:22:20,25,1,Lifestyle,Home,True,realistic_sparse_v1
100013,train_0000070,10,2022-01-22 12:22:50,25,1,Lifestyle,Home,True,realistic_sparse_v1
100013,train_0000070,11,2022-01-22 12:23:30,25,1,Lifestyle,Home,True,realistic_sparse_v1
100013,train_0000070,12,2022-01-22 12:24:12,9,1,Home,Home,True,realistic_sparse_v1
100013,train_0000070,13,2022-01-22 12:24:46,9,1,Home,Home,True,realistic_sparse_v1
100013,train_0000070,14,2022-01-22 12:25:22,9,1,Home,Home,True,realistic_sparse_v1
100014,test_0000077,0,2022-03-25 11:23:15,5,1,Toys,Home,True,realistic_sparse_v1
100014,test_0000077,1,2022-03-25 11:23:54,5,1,Toys,Home,True,realistic_sparse_v1
100014,test_0000077,2,2022-03-25 11:24:34,5,1,Toys,Home,True,realistic_sparse_v1
100014,test_0000077,3,2022-03-25 11:25:01,6,1,Books,Home,True,realistic_sparse_v1
100014,test_0000077,4,2022-03-25 11:25:30,6,1,Books,Home,True,realistic_sparse_v1
100014,test_0000078,0,2022-02-04 08:00:24,5,1,Toys,Home,True,realistic_sparse_v1
100014,test_0000078,1,2022-02-04 08:00:57,9,1,Home,Home,True,realistic_sparse_v1
100014,test_0000078,2,2022-02-04 08:01:34,9,1,Home,Home,True,realistic_sparse_v1
100014,test_0000078,3,2022-02-04 08:01:51,9,1,Home,Home,True,realistic_sparse_v1
100014,test_0000078,4,2022-02-04 08:02:22,9,1,Home,Home,True,realistic_sparse_v1
100014,test_0000078,5,2022-02-04 08:03:14,9,1,Home,Home,True,realistic_sparse_v1
100014,test_0000078,6,2022-02-04 08:03:50,9,1,Home,Home,True,realistic_sparse_v1
100014,train_0000073,0,2022-01-27 11:49:03,9,1,Home,Home,True,realistic_sparse_v1
100014,train_0000073,1,2022-01-27 11:49:54,9,1,Home,Home,True,realistic_sparse_v1
100014,train_0000073,2,2022-01-27 11:50:22,9,1,Home,Home,True,realistic_sparse_v1
100014,train_0000073,3,2022-01-27 11:51:06,9,1,Home,Home,True,realistic_sparse_v1
100014,train_0000073,4,2022-01-27 11:51:21,9,1,Home,Home,True,realistic_sparse_v1
100014,train_0000073,5,2022-01-27 11:52:16,25,1,Lifestyle,Home,True,realistic_sparse_v1
100014,train_0000073,6,2022-01-27 11:52:46,25,1,Lifestyle,Home,True,realistic_sparse_v1
100014,train_0000074,0,2022-01-22 15:02:06,9,1,Home,Home,True,realistic_sparse_v1
100014,train_0000074,1,2022-01-22 15:02:48,9,1,Home,Home,True,realistic_sparse_v1
100014,train_0000074,2,2022-01-22 15:03:21,9,1,Home,Home,True,realistic_sparse_v1
100014,train_0000075,0,2022-01-04 09:23:22,9,1,Home,Home,True,realistic_sparse_v1
100014,train_0000075,1,2022-01-04 09:23:44,9,1,Home,Home,True,realistic_sparse_v1
100014,train_0000075,2,2022-01-04 09:24:11,5,1,Toys,Home,True,realistic_sparse_v1
100014,train_0000075,3,2022-01-04 09:25:05,5,1,Toys,Home,True,realistic_sparse_v1
100014,train_0000075,4,2022-01-04 09:25:31,5,1,Toys,Home,True,realistic_sparse_v1
100014,train_0000075,5,2022-01-04 09:26:10,5,1,Toys,Home,True,realistic_sparse_v1
100014,train_0000075,6,2022-01-04 09:26:44,5,1,Toys,Home,True,realistic_sparse_v1
100014,train_0000076,0,2022-01-20 10:02:20,9,1,Home,Home,True,realistic_sparse_v1
100014,train_0000076,1,2022-01-20 10:02:56,9,1,Home,Home,True,realistic_sparse_v1
100014,train_0000076,2,2022-01-20 10:03:22,9,1,Home,Home,True,realistic_sparse_v1
100014,train_0000076,3,2022-01-20 10:03:47,9,1,Home,Home,True,realistic_sparse_v1
100014,train_0000076,4,2022-01-20 10:04:29,19,1,Vehicles,Home,True,realistic_sparse_v1
100015,test_0000082,0,2022-02-22 21:50:04,23,1,Appliances,Appliances,True,realistic_sparse_v1
100015,test_0000082,1,2022-02-22 21:50:50,23,1,Appliances,Appliances,True,realistic_sparse_v1
100015,test_0000082,2,2022-02-22 21:51:14,23,1,Appliances,Appliances,True,realistic_sparse_v1
100015,test_0000082,3,2022-02-22 21:52:09,25,1,Lifestyle,Appliances,True,realistic_sparse_v1
100015,test_0000082,4,2022-02-22 21:52:24,5,1,Toys,Appliances,True,realistic_sparse_v1
100015,test_0000082,5,2022-02-22 21:53:05,23,1,Appliances,Appliances,True,realistic_sparse_v1
100015,test_0000083,0,2022-02-24 16:55:21,23,1,Appliances,Appliances,True,realistic_sparse_v1
100015,test_0000083,1,2022-02-24 16:55:53,21,1,Mobile,Appliances,True,realistic_sparse_v1
100015,test_0000083,2,2022-02-24 16:56:18,21,1,Mobile,Appliances,True,realistic_sparse_v1
100015,test_0000083,3,2022-02-24 16:56:47,21,1,Mobile,Appliances,True,realistic_sparse_v1
100015,test_0000083,4,2022-02-24 16:57:42,6,1,Books,Appliances,True,realistic_sparse_v1
100015,train_0000079,0,2022-01-22 20:43:09,11,1,Electronics,Appliances,True,realistic_sparse_v1
100015,train_0000079,1,2022-01-22 20:43:45,11,1,Electronics,Appliances,True,realistic_sparse_v1
100015,train_0000079,2,2022-01-22 20:44:25,23,1,Appliances,Appliances,True,realistic_sparse_v1
100015,train_0000079,3,2022-01-22 20:44:53,23,1,Appliances,Appliances,True,realistic_sparse_v1
100015,train_0000079,4,2022-01-22 20:45:23,23,1,Appliances,Appliances,True,realistic_sparse_v1
100015,train_0000079,5,2022-01-22 20:46:01,23,1,Appliances,Appliances,True,realistic_sparse_v1
100015,train_0000079,6,2022-01-22 20:46:47,9,1,Home,Appliances,True,realistic_sparse_v1
100015,train_0000079,7,2022-01-22 20:47:18,5,1,Toys,Appliances,True,realistic_sparse_v1
100015,train_0000079,8,2022-01-22 20:48:01,9,1,Home,Appliances,True,realistic_sparse_v1
100015,train_0000079,9,2022-01-22 20:48:20,9,1,Home,Appliances,True,realistic_sparse_v1
100015,train_0000079,10,2022-01-22 20:48:51,9,1,Home,Appliances,True,realistic_sparse_v1
100015,train_0000080,0,2022-01-02 11:38:08,23,1,Appliances,Appliances,True,realistic_sparse_v1
100015,train_0000080,1,2022-01-02 11:38:37,9,1,Home,Appliances,True,realistic_sparse_v1
100015,train_0000080,2,2022-01-02 11:39:16,9,1,Home,Appliances,True,realistic_sparse_v1
100015,train_0000080,3,2022-01-02 11:40:02,9,1,Home,Appliances,True,realistic_sparse_v1
100015,train_0000080,4,2022-01-02 11:40:39,9,1,Home,Appliances,True,realistic_sparse_v1
100015,train_0000080,5,2022-01-02 11:41:04,9,1,Home,Appliances,True,realistic_sparse_v1
100015,train_0000080,6,2022-01-02 11:41:50,9,1,Home,Appliances,True,realistic_sparse_v1
100015,train_0000081,0,2022-01-14 13:44:09,23,1,Appliances,Appliances,True,realistic_sparse_v1
100015,train_0000081,1,2022-01-14 13:44:58,23,1,Appliances,Appliances,True,realistic_sparse_v1
100015,train_0000081,2,2022-01-14 13:45:10,23,1,Appliances,Appliances,True,realistic_sparse_v1
100015,train_0000081,3,2022-01-14 13:46:05,23,1,Appliances,Appliances,True,realistic_sparse_v1
100016,test_0000088,0,2022-04-26 08:17:02,23,1,Appliances,Appliances,True,realistic_sparse_v1
100016,test_0000088,1,2022-04-26 08:17:58,23,1,Appliances,Appliances,True,realistic_sparse_v1
100016,test_0000088,2,2022-04-26 08:18:24,23,1,Appliances,Appliances,True,realistic_sparse_v1
100016,test_0000088,3,2022-04-26 08:19:02,23,1,Appliances,Appliances,True,realistic_sparse_v1
100016,test_0000088,4,2022-04-26 08:19:43,23,1,Appliances,Appliances,True,realistic_sparse_v1
100016,train_0000084,0,2022-01-22 20:14:08,11,1,Electronics,Appliances,True,realistic_sparse_v1
100016,train_0000084,1,2022-01-22 20:14:53,11,1,Electronics,Appliances,True,realistic_sparse_v1
100016,train_0000084,2,2022-01-22 20:15:14,11,1,Electronics,Appliances,True,realistic_sparse_v1
100016,train_0000084,3,2022-01-22 20:15:53,11,1,Electronics,Appliances,True,realistic_sparse_v1
100016,train_0000084,4,2022-01-22 20:16:35,11,1,Electronics,Appliances,True,realistic_sparse_v1
100016,train_0000084,5,2022-01-22 20:17:19,11,1,Electronics,Appliances,True,realistic_sparse_v1
100016,train_0000084,6,2022-01-22 20:17:36,11,1,Electronics,Appliances,True,realistic_sparse_v1
100016,train_0000084,7,2022-01-22 20:18:22,11,1,Electronics,Appliances,True,realistic_sparse_v1
100016,train_0000084,8,2022-01-22 20:18:45,11,1,Electronics,Appliances,True,realistic_sparse_v1
100016,train_0000085,0,2022-01-20 18:05:20,23,1,Appliances,Appliances,True,realistic_sparse_v1
100016,train_0000085,1,2022-01-20 18:05:51,19,1,Vehicles,Appliances,True,realistic_sparse_v1
100016,train_0000085,2,2022-01-20 18:06:31,19,1,Vehicles,Appliances,True,realistic_sparse_v1
100016,train_0000085,3,2022-01-20 18:06:50,19,1,Vehicles,Appliances,True,realistic_sparse_v1
100016,train_0000085,4,2022-01-20 18:07:40,19,1,Vehicles,Appliances,True,realistic_sparse_v1
100016,train_0000085,5,2022-01-20 18:07:58,19,1,Vehicles,Appliances,True,realistic_sparse_v1
100016,train_0000085,6,2022-01-20 18:08:51,19,1,Vehicles,Appliances,True,realistic_sparse_v1
100016,train_0000085,7,2022-01-20 18:09:07,19,1,Vehicles,Appliances,True,realistic_sparse_v1
100016,train_0000086,0,2022-01-08 10:38:22,11,1,Electronics,Appliances,True,realistic_sparse_v1
100016,train_0000086,1,2022-01-08 10:38:45,11,1,Electronics,Appliances,True,realistic_sparse_v1
100016,train_0000086,2,2022-01-08 10:39:25,11,1,Electronics,Appliances,True,realistic_sparse_v1
100016,train_0000087,0,2022-01-22 15:38:09,11,1,Electronics,Appliances,True,realistic_sparse_v1
100016,train_0000087,1,2022-01-22 15:38:57,11,1,Electronics,Appliances,True,realistic_sparse_v1
100016,train_0000087,2,2022-01-22 15:39:13,22,1,Gaming,Appliances,True,realistic_sparse_v1
100017,test_0000092,0,2022-02-16 17:14:16,9,1,Home,Home,True,realistic_sparse_v1
100017,test_0000092,1,2022-02-16 17:14:48,9,1,Home,Home,True,realistic_sparse_v1
100017,test_0000092,2,2022-02-16 17:15:22,25,1,Lifestyle,Home,True,realistic_sparse_v1
100017,test_0000092,3,2022-02-16 17:16:02,9,1,Home,Home,True,realistic_sparse_v1
100017,test_0000092,4,2022-02-16 17:16:42,9,1,Home,Home,True,realistic_sparse_v1
100017,train_0000089,0,2022-01-15 16:59:03,23,1,Appliances,Home,True,realistic_sparse_v1
100017,train_0000089,1,2022-01-15 16:59:56,23,1,Appliances,Home,True,realistic_sparse_v1
100017,train_0000089,2,2022-01-15 17:00:14,23,1,Appliances,Home,True,realistic_sparse_v1
100017,train_0000089,3,2022-01-15 17:00:46,23,1,Appliances,Home,True,realistic_sparse_v1
100017,train_0000090,0,2022-01-09 14:23:20,9,1,Home,Home,True,realistic_sparse_v1
100017,train_0000090,1,2022-01-09 14:23:52,6,1,Books,Home,True,realistic_sparse_v1
100017,train_0000090,2,2022-01-09 14:24:22,6,1,Books,Home,True,realistic_sparse_v1
100017,train_0000091,0,2022-01-15 17:36:14,9,1,Home,Home,True,realistic_sparse_v1
100017,train_0000091,1,2022-01-15 17:36:41,9,1,Home,Home,True,realistic_sparse_v1
100017,train_0000091,2,2022-01-15 17:37:11,9,1,Home,Home,True,realistic_sparse_v1
100017,train_0000091,3,2022-01-15 17:37:46,9,1,Home,Home,True,realistic_sparse_v1
100017,train_0000091,4,2022-01-15 17:38:41,5,1,Toys,Home,True,realistic_sparse_v1
100018,test_0000095,0,2022-04-15 14:46:04,9,1,Home,Home,True,realistic_sparse_v1
100018,test_0000095,1,2022-04-15 14:46:58,9,1,Home,Home,True,realistic_sparse_v1
100018,test_0000095,2,2022-04-15 14:47:20,9,1,Home,Home,True,realistic_sparse_v1
100018,train_0000093,0,2022-01-26 19:17:00,9,1,Home,Home,True,realistic_sparse_v1
100018,train_0000093,1,2022-01-26 19:17:37,25,1,Lifestyle,Home,True,realistic_sparse_v1
100018,train_0000093,2,2022-01-26 19:18:28,25,1,Lifestyle,Home,True,realistic_sparse_v1
100018,train_0000093,3,2022-01-26 19:19:06,25,1,Lifestyle,Home,True,realistic_sparse_v1
100018,train_0000093,4,2022-01-26 19:19:28,25,1,Lifestyle,Home,True,realistic_sparse_v1
100018,train_0000093,5,2022-01-26 19:20:12,9,1,Home,Home,True,realistic_sparse_v1
100018,train_0000093,6,2022-01-26 19:20:47,9,1,Home,Home,True,realistic_sparse_v1
100018,train_0000093,7,2022-01-26 19:21:21,9,1,Home,Home,True,realistic_sparse_v1
100018,train_0000094,0,2022-01-03 10:49:07,9,1,Home,Home,True,realistic_sparse_v1
100018,train_0000094,1,2022-01-03 10:49:42,9,1,Home,Home,True,realistic_sparse_v1
100018,train_0000094,2,2022-01-03 10:50:24,9,1,Home,Home,True,realistic_sparse_v1
100019,test_0000098,0,2022-04-19 15:02:06,5,1,Toys,Home,True,realistic_sparse_v1
100019,test_0000098,1,2022-04-19 15:02:43,5,1,Toys,Home,True,realistic_sparse_v1
100019,test_0000098,2,2022-04-19 15:03:27,5,1,Toys,Home,True,realistic_sparse_v1
100019,test_0000098,3,2022-04-19 15:03:51,5,1,Toys,Home,True,realistic_sparse_v1
100019,test_0000098,4,2022-04-19 15:04:41,23,1,Appliances,Home,True,realistic_sparse_v1
100019,test_0000098,5,2022-04-19 15:05:19,23,1,Appliances,Home,True,realistic_sparse_v1
100019,test_0000098,6,2022-04-19 15:05:35,9,1,Home,Home,True,realistic_sparse_v1
100019,test_0000098,7,2022-04-19 15:06:19,9,1,Home,Home,True,realistic_sparse_v1
100019,train_0000096,0,2022-01-15 14:01:00,5,1,Toys,Home,True,realistic_sparse_v1
100019,train_0000096,1,2022-01-15 14:01:39,5,1,Toys,Home,True,realistic_sparse_v1
100019,train_0000096,2,2022-01-15 14:02:21,5,1,Toys,Home,True,realistic_sparse_v1
100019,train_0000097,0,2022-01-24 17:29:23,9,1,Home,Home,True,realistic_sparse_v1
100019,train_0000097,1,2022-01-24 17:29:54,25,1,Lifestyle,Home,True,realistic_sparse_v1
100019,train_0000097,2,2022-01-24 17:30:12,9,1,Home,Home,True,realistic_sparse_v1
100019,train_0000097,3,2022-01-24 17:30:54,9,1,Home,Home,True,realistic_sparse_v1
100019,train_0000097,4,2022-01-24 17:31:33,5,1,Toys,Home,True,realistic_sparse_v1
100019,train_0000097,5,2022-01-24 17:32:15,5,1,Toys,Home,True,realistic_sparse_v1
100019,train_0000097,6,2022-01-24 17:32:32,5,1,Toys,Home,True,realistic_sparse_v1
100020,test_0000101,0,2022-02-27 19:54:12,11,1,Electronics,Appliances,True,realistic_sparse_v1
100020,test_0000101,1,2022-02-27 19:54:50,11,1,Electronics,Appliances,True,realistic_sparse_v1
100020,test_0000101,2,2022-02-27 19:55:25,11,1,Electronics,Appliances,True,realistic_sparse_v1
100020,test_0000101,3,2022-02-27 19:55:56,21,1,Mobile,Appliances,True,realistic_sparse_v1
100020,test_0000101,4,2022-02-27 19:56:23,21,1,Mobile,Appliances,True,realistic_sparse_v1
100020,test_0000101,5,2022-02-27 19:57:08,21,1,Mobile,Appliances,True,realistic_sparse_v1
100020,train_0000099,0,2022-01-16 13:38:09,23,1,Appliances,Appliances,True,realistic_sparse_v1
100020,train_0000099,1,2022-01-16 13:38:43,23,1,Appliances,Appliances,True,realistic_sparse_v1
100020,train_0000099,2,2022-01-16 13:39:32,23,1,Appliances,Appliances,True,realistic_sparse_v1
100020,train_0000100,0,2022-01-22 08:11:18,23,1,Appliances,Appliances,True,realistic_sparse_v1
100020,train_0000100,1,2022-01-22 08:11:43,23,1,Appliances,Appliances,True,realistic_sparse_v1
100020,train_0000100,2,2022-01-22 08:12:21,23,1,Appliances,Appliances,True,realistic_sparse_v1
100020,train_0000100,3,2022-01-22 08:12:58,23,1,Appliances,Appliances,True,realistic_sparse_v1
100021,test_0000106,0,2022-02-28 12:07:24,23,1,Appliances,Home,True,realistic_sparse_v1
100021,test_0000106,1,2022-02-28 12:07:42,23,1,Appliances,Home,True,realistic_sparse_v1
100021,test_0000106,2,2022-02-28 12:08:21,23,1,Appliances,Home,True,realistic_sparse_v1
100021,test_0000106,3,2022-02-28 12:08:55,23,1,Appliances,Home,True,realistic_sparse_v1
100021,test_0000106,4,2022-02-28 12:09:34,9,1,Home,Home,True,realistic_sparse_v1
100021,train_0000102,0,2022-01-05 19:32:24,23,1,Appliances,Home,True,realistic_sparse_v1
100021,train_0000102,1,2022-01-05 19:32:57,23,1,Appliances,Home,True,realistic_sparse_v1
100021,train_0000102,2,2022-01-05 19:33:14,11,1,Electronics,Home,True,realistic_sparse_v1
100021,train_0000102,3,2022-01-05 19:34:02,11,1,Electronics,Home,True,realistic_sparse_v1
100021,train_0000102,4,2022-01-05 19:34:22,11,1,Electronics,Home,True,realistic_sparse_v1
100021,train_0000102,5,2022-01-05 19:34:56,9,1,Home,Home,True,realistic_sparse_v1
100021,train_0000102,6,2022-01-05 19:35:42,9,1,Home,Home,True,realistic_sparse_v1
100021,train_0000103,0,2022-01-20 18:14:20,9,1,Home,Home,True,realistic_sparse_v1
100021,train_0000103,1,2022-01-20 18:14:43,9,1,Home,Home,True,realistic_sparse_v1
100021,train_0000103,2,2022-01-20 18:15:10,9,1,Home,Home,True,realistic_sparse_v1
100021,train_0000103,3,2022-01-20 18:16:03,23,1,Appliances,Home,True,realistic_sparse_v1
100021,train_0000103,4,2022-01-20 18:16:40,23,1,Appliances,Home,True,realistic_sparse_v1
100021,train_0000104,0,2022-01-15 16:23:00,23,1,Appliances,Home,True,realistic_sparse_v1
100021,train_0000104,1,2022-01-15 16:23:42,23,1,Appliances,Home,True,realistic_sparse_v1
100021,train_0000104,2,2022-01-15 16:24:13,21,1,Mobile,Home,True,realistic_sparse_v1
100021,train_0000104,3,2022-01-15 16:25:07,21,1,Mobile,Home,True,realistic_sparse_v1
100021,train_0000104,4,2022-01-15 16:25:35,21,1,Mobile,Home,True,realistic_sparse_v1
100021,train_0000104,5,2022-01-15 16:26:17,21,1,Mobile,Home,True,realistic_sparse_v1
100021,train_0000104,6,2022-01-15 16:26:53,21,1,Mobile,Home,True,realistic_sparse_v1
100021,train_0000104,7,2022-01-15 16:27:12,21,1,Mobile,Home,True,realistic_sparse_v1
100021,train_0000104,8,2022-01-15 16:28:00,21,1,Mobile,Home,True,realistic_sparse_v1
100021,train_0000104,9,2022-01-15 16:28:26,22,1,Gaming,Home,True,realistic_sparse_v1
100021,train_0000104,10,2022-01-15 16:29:09,22,1,Gaming,Home,True,realistic_sparse_v1
100021,train_0000105,0,2022-01-11 08:39:07,9,1,Home,Home,True,realistic_sparse_v1
100021,train_0000105,1,2022-01-11 08:39:36,9,1,Home,Home,True,realistic_sparse_v1
100021,train_0000105,2,2022-01-11 08:40:32,9,1,Home,Home,True,realistic_sparse_v1
100021,train_0000105,3,2022-01-11 08:41:05,9,1,Home,Home,True,realistic_sparse_v1
100021,train_0000105,4,2022-01-11 08:41:35,9,1,Home,Home,True,realistic_sparse_v1
100021,train_0000105,5,2022-01-11 08:42:05,9,1,Home,Home,True,realistic_sparse_v1
100021,train_0000105,6,2022-01-11 08:42:39,9,1,Home,Home,True,realistic_sparse_v1
100022,test_0000111,0,2022-02-28 09:47:09,23,1,Appliances,Electronics,True,realistic_sparse_v1
100022,test_0000111,1,2022-02-28 09:47:55,23,1,Appliances,Electronics,True,realistic_sparse_v1
100022,test_0000111,2,2022-02-28 09:48:27,23,1,Appliances,Electronics,True,realistic_sparse_v1
100022,test_0000111,3,2022-02-28 09:48:57,23,1,Appliances,Electronics,True,realistic_sparse_v1
100022,test_0000111,4,2022-02-28 09:49:42,23,1,Appliances,Electronics,True,realistic_sparse_v1
100022,test_0000111,5,2022-02-28 09:50:02,23,1,Appliances,Electronics,True,realistic_sparse_v1
100022,test_0000112,0,2022-03-09 23:10:11,11,1,Electronics,Electronics,True,realistic_sparse_v1
100022,test_0000112,1,2022-03-09 23:10:57,11,1,Electronics,Electronics,True,realistic_sparse_v1
100022,test_0000112,2,2022-03-09 23:11:13,11,1,Electronics,Electronics,True,realistic_sparse_v1
100022,test_0000112,3,2022-03-09 23:12:03,11,1,Electronics,Electronics,True,realistic_sparse_v1
100022,test_0000112,4,2022-03-09 23:12:36,11,1,Electronics,Electronics,True,realistic_sparse_v1
100022,test_0000112,5,2022-03-09 23:13:11,11,1,Electronics,Electronics,True,realistic_sparse_v1
100022,test_0000112,6,2022-03-09 23:13:51,11,1,Electronics,Electronics,True,realistic_sparse_v1
100022,train_0000107,0,2022-01-24 21:04:22,11,1,Electronics,Electronics,True,realistic_sparse_v1
100022,train_0000107,1,2022-01-24 21:04:49,11,1,Electronics,Electronics,True,realistic_sparse_v1
100022,train_0000107,2,2022-01-24 21:05:32,11,1,Electronics,Electronics,True,realistic_sparse_v1
100022,train_0000108,0,2022-01-02 15:35:23,11,1,Electronics,Electronics,True,realistic_sparse_v1
100022,train_0000108,1,2022-01-02 15:35:59,11,1,Electronics,Electronics,True,realistic_sparse_v1
100022,train_0000108,2,2022-01-02 15:36:25,11,1,Electronics,Electronics,True,realistic_sparse_v1
100022,train_0000108,3,2022-01-02 15:36:48,11,1,Electronics,Electronics,True,realistic_sparse_v1
100022,train_0000108,4,2022-01-02 15:37:21,11,1,Electronics,Electronics,True,realistic_sparse_v1
100022,train_0000109,0,2022-01-15 08:07:07,11,1,Electronics,Electronics,True,realistic_sparse_v1
100022,train_0000109,1,2022-01-15 08:07:59,11,1,Electronics,Electronics,True,realistic_sparse_v1
100022,train_0000109,2,2022-01-15 08:08:17,11,1,Electronics,Electronics,True,realistic_sparse_v1
100022,train_0000110,0,2022-01-24 10:16:24,11,1,Electronics,Electronics,True,realistic_sparse_v1
100022,train_0000110,1,2022-01-24 10:16:44,21,1,Mobile,Electronics,True,realistic_sparse_v1
100022,train_0000110,2,2022-01-24 10:17:24,21,1,Mobile,Electronics,True,realistic_sparse_v1
100022,train_0000110,3,2022-01-24 10:18:06,21,1,Mobile,Electronics,True,realistic_sparse_v1
100022,train_0000110,4,2022-01-24 10:18:22,21,1,Mobile,Electronics,True,realistic_sparse_v1
100023,test_0000116,0,2022-04-03 15:28:22,19,1,Vehicles,Vehicles,True,realistic_sparse_v1
100023,test_0000116,1,2022-04-03 15:28:55,19,1,Vehicles,Vehicles,True,realistic_sparse_v1
100023,test_0000116,2,2022-04-03 15:29:30,11,1,Electronics,Vehicles,True,realistic_sparse_v1
100023,test_0000116,3,2022-04-03 15:30:03,11,1,Electronics,Vehicles,True,realistic_sparse_v1
100023,test_0000116,4,2022-04-03 15:30:26,23,1,Appliances,Vehicles,True,realistic_sparse_v1
100023,test_0000116,5,2022-04-03 15:31:05,23,1,Appliances,Vehicles,True,realistic_sparse_v1
100023,test_0000116,6,2022-04-03 15:31:53,19,1,Vehicles,Vehicles,True,realistic_sparse_v1
100023,test_0000116,7,2022-04-03 15:32:16,19,1,Vehicles,Vehicles,True,realistic_sparse_v1
100023,test_0000116,8,2022-04-03 15:32:40,11,1,Electronics,Vehicles,True,realistic_sparse_v1
100023,test_0000117,0,2022-04-04 13:47:10,19,1,Vehicles,Vehicles,True,realistic_sparse_v1
100023,test_0000117,1,2022-04-04 13:47:46,19,1,Vehicles,Vehicles,True,realistic_sparse_v1
100023,test_0000117,2,2022-04-04 13:48:14,20,1,Travel,Vehicles,True,realistic_sparse_v1
100023,train_0000113,0,2022-01-04 23:52:08,19,1,Vehicles,Vehicles,True,realistic_sparse_v1
100023,train_0000113,1,2022-01-04 23:52:37,19,1,Vehicles,Vehicles,True,realistic_sparse_v1
100023,train_0000113,2,2022-01-04 23:53:25,20,1,Travel,Vehicles,True,realistic_sparse_v1
100023,train_0000114,0,2022-01-13 23:21:09,11,1,Electronics,Vehicles,True,realistic_sparse_v1
100023,train_0000114,1,2022-01-13 23:21:40,11,1,Electronics,Vehicles,True,realistic_sparse_v1
100023,train_0000114,2,2022-01-13 23:22:20,11,1,Electronics,Vehicles,True,realistic_sparse_v1
100023,train_0000114,3,2022-01-13 23:23:00,11,1,Electronics,Vehicles,True,realistic_sparse_v1
100023,train_0000114,4,2022-01-13 23:23:20,11,1,Electronics,Vehicles,True,realistic_sparse_v1
100023,train_0000114,5,2022-01-13 23:23:59,11,1,Electronics,Vehicles,True,realistic_sparse_v1
100023,train_0000114,6,2022-01-13 23:24:34,21,1,Mobile,Vehicles,True,realistic_sparse_v1
100023,train_0000114,7,2022-01-13 23:25:25,23,1,Appliances,Vehicles,True,realistic_sparse_v1
100023,train_0000114,8,2022-01-13 23:25:45,23,1,Appliances,Vehicles,True,realistic_sparse_v1
100023,train_0000114,9,2022-01-13 23:26:39,21,1,Mobile,Vehicles,True,realistic_sparse_v1
100023,train_0000115,0,2022-01-12 10:39:10,19,1,Vehicles,Vehicles,True,realistic_sparse_v1
100023,train_0000115,1,2022-01-12 10:39:59,19,1,Vehicles,Vehicles,True,realistic_sparse_v1
100023,train_0000115,2,2022-01-12 10:40:26,19,1,Vehicles,Vehicles,True,realistic_sparse_v1
100024,test_0000120,0,2022-03-31 22:14:07,25,1,Lifestyle,Lifestyle,True,realistic_sparse_v1
100024,test_0000120,1,2022-03-31 22:14:59,25,1,Lifestyle,Lifestyle,True,realistic_sparse_v1
100024,test_0000120,2,2022-03-31 22:15:31,25,1,Lifestyle,Lifestyle,True,realistic_sparse_v1
100024,test_0000120,3,2022-03-31 22:15:56,20,1,Travel,Lifestyle,True,realistic_sparse_v1
100024,test_0000121,0,2022-02-28 20:51:20,20,1,Travel,Lifestyle,True,realistic_sparse_v1
100024,test_0000121,1,2022-02-28 20:51:58,25,1,Lifestyle,Lifestyle,True,realistic_sparse_v1
100024,test_0000121,2,2022-02-28 20:52:12,20,1,Travel,Lifestyle,True,realistic_sparse_v1
100024,test_0000121,3,2022-02-28 20:52:53,25,1,Lifestyle,Lifestyle,True,realistic_sparse_v1
100024,test_0000121,4,2022-02-28 20:53:27,25,1,Lifestyle,Lifestyle,True,realistic_sparse_v1
100024,test_0000121,5,2022-02-28 20:54:18,25,1,Lifestyle,Lifestyle,True,realistic_sparse_v1
100024,train_0000118,0,2022-01-18 21:05:05,25,1,Lifestyle,Lifestyle,True,realistic_sparse_v1
100024,train_0000118,1,2022-01-18 21:05:35,25,1,Lifestyle,Lifestyle,True,realistic_sparse_v1
100024,train_0000118,2,2022-01-18 21:06:22,25,1,Lifestyle,Lifestyle,True,realistic_sparse_v1
100024,train_0000118,3,2022-01-18 21:07:05,25,1,Lifestyle,Lifestyle,True,realistic_sparse_v1
100024,train_0000118,4,2022-01-18 21:07:31,25,1,Lifestyle,Lifestyle,True,realistic_sparse_v1
100024,train_0000118,5,2022-01-18 21:08:07,25,1,Lifestyle,Lifestyle,True,realistic_sparse_v1
100024,train_0000118,6,2022-01-18 21:08:31,25,1,Lifestyle,Lifestyle,True,realistic_sparse_v1
100024,train_0000119,0,2022-01-16 20:59:08,25,1,Lifestyle,Lifestyle,True,realistic_sparse_v1
100024,train_0000119,1,2022-01-16 20:59:56,25,1,Lifestyle,Lifestyle,True,realistic_sparse_v1
100024,train_0000119,2,2022-01-16 21:00:34,20,1,Travel,Lifestyle,True,realistic_sparse_v1
100024,train_0000119,3,2022-01-16 21:01:00,25,1,Lifestyle,Lifestyle,True,realistic_sparse_v1
100024,train_0000119,4,2022-01-16 21:01:26,25,1,Lifestyle,Lifestyle,True,realistic_sparse_v1
100025,test_0000124,0,2022-04-02 12:27:03,9,1,Home,Home,True,realistic_sparse_v1
100025,test_0000124,1,2022-04-02 12:27:35,9,1,Home,Home,True,realistic_sparse_v1
100025,test_0000124,2,2022-04-02 12:28:16,9,1,Home,Home,True,realistic_sparse_v1
100025,train_0000122,0,2022-01-20 19:26:04,9,1,Home,Home,True,realistic_sparse_v1
100025,train_0000122,1,2022-01-20 19:26:59,23,1,Appliances,Home,True,realistic_sparse_v1
100025,train_0000122,2,2022-01-20 19:27:24,23,1,Appliances,Home,True,realistic_sparse_v1
100025,train_0000122,3,2022-01-20 19:28:03,23,1,Appliances,Home,True,realistic_sparse_v1
100025,train_0000122,4,2022-01-20 19:28:25,23,1,Appliances,Home,True,realistic_sparse_v1
100025,train_0000123,0,2022-01-27 08:20:08,23,1,Appliances,Home,True,realistic_sparse_v1
100025,train_0000123,1,2022-01-27 08:20:56,23,1,Appliances,Home,True,realistic_sparse_v1
100025,train_0000123,2,2022-01-27 08:21:21,9,1,Home,Home,True,realistic_sparse_v1
100025,train_0000123,3,2022-01-27 08:21:45,9,1,Home,Home,True,realistic_sparse_v1
100025,train_0000123,4,2022-01-27 08:22:40,9,1,Home,Home,True,realistic_sparse_v1
100025,train_0000123,5,2022-01-27 08:22:57,9,1,Home,Home,True,realistic_sparse_v1
100025,train_0000123,6,2022-01-27 08:23:50,9,1,Home,Home,True,realistic_sparse_v1
100026,test_0000132,0,2022-04-12 12:50:04,25,1,Lifestyle,Home,True,realistic_sparse_v1
100026,test_0000132,1,2022-04-12 12:50:55,20,1,Travel,Home,True,realistic_sparse_v1
100026,test_0000132,2,2022-04-12 12:51:16,20,1,Travel,Home,True,realistic_sparse_v1
100026,test_0000132,3,2022-04-12 12:51:50,20,1,Travel,Home,True,realistic_sparse_v1
100026,test_0000132,4,2022-04-12 12:52:30,25,1,Lifestyle,Home,True,realistic_sparse_v1
100026,test_0000132,5,2022-04-12 12:53:00,25,1,Lifestyle,Home,True,realistic_sparse_v1
100026,test_0000132,6,2022-04-12 12:53:41,6,1,Books,Home,True,realistic_sparse_v1
100026,test_0000132,7,2022-04-12 12:54:17,6,1,Books,Home,True,realistic_sparse_v1
100026,test_0000132,8,2022-04-12 12:54:48,6,1,Books,Home,True,realistic_sparse_v1
100026,test_0000133,0,2022-04-08 21:51:10,5,1,Toys,Home,True,realistic_sparse_v1
100026,test_0000133,1,2022-04-08 21:51:47,25,1,Lifestyle,Home,True,realistic_sparse_v1
100026,test_0000133,2,2022-04-08 21:52:12,25,1,Lifestyle,Home,True,realistic_sparse_v1
100026,test_0000133,3,2022-04-08 21:52:45,6,1,Books,Home,True,realistic_sparse_v1
100026,test_0000133,4,2022-04-08 21:53:32,6,1,Books,Home,True,realistic_sparse_v1
100026,test_0000133,5,2022-04-08 21:53:56,6,1,Books,Home,True,realistic_sparse_v1
100026,test_0000133,6,2022-04-08 21:54:51,6,1,Books,Home,True,realistic_sparse_v1
100026,test_0000134,0,2022-02-27 12:25:24,9,1,Home,Home,True,realistic_sparse_v1
100026,test_0000134,1,2022-02-27 12:25:36,9,1,Home,Home,True,realistic_sparse_v1
100026,test_0000134,2,2022-02-27 12:26:32,5,1,Toys,Home,True,realistic_sparse_v1
100026,test_0000134,3,2022-02-27 12:26:59,5,1,Toys,Home,True,realistic_sparse_v1
100026,test_0000134,4,2022-02-27 12:27:28,5,1,Toys,Home,True,realistic_sparse_v1
100026,train_0000125,0,2022-01-15 14:54:24,5,1,Toys,Home,True,realistic_sparse_v1
100026,train_0000125,1,2022-01-15 14:54:51,25,1,Lifestyle,Home,True,realistic_sparse_v1
100026,train_0000125,2,2022-01-15 14:55:18,25,1,Lifestyle,Home,True,realistic_sparse_v1
100026,train_0000125,3,2022-01-15 14:55:56,20,1,Travel,Home,True,realistic_sparse_v1
100026,train_0000125,4,2022-01-15 14:56:22,20,1,Travel,Home,True,realistic_sparse_v1
100026,train_0000125,5,2022-01-15 14:57:14,20,1,Travel,Home,True,realistic_sparse_v1
100026,train_0000126,0,2022-01-03 08:08:10,9,1,Home,Home,True,realistic_sparse_v1
100026,train_0000126,1,2022-01-03 08:08:35,9,1,Home,Home,True,realistic_sparse_v1
100026,train_0000126,2,2022-01-03 08:09:12,9,1,Home,Home,True,realistic_sparse_v1
100026,train_0000127,0,2022-01-12 11:54:05,9,1,Home,Home,True,realistic_sparse_v1
100026,train_0000127,1,2022-01-12 11:54:56,9,1,Home,Home,True,realistic_sparse_v1
100026,train_0000127,2,2022-01-12 11:55:17,25,1,Lifestyle,Home,True,realistic_sparse_v1
100026,train_0000127,3,2022-01-12 11:56:06,25,1,Lifestyle,Home,True,realistic_sparse_v1
100026,train_0000127,4,2022-01-12 11:56:22,9,1,Home,Home,True,realistic_sparse_v1
100026,train_0000127,5,2022-01-12 11:57:10,9,1,Home,Home,True,realistic_sparse_v1
100026,train_0000128,0,2022-01-26 19:25:07,9,1,Home,Home,True,realistic_sparse_v1
100026,train_0000128,1,2022-01-26 19:25:38,9,1,Home,Home,True,realistic_sparse_v1
100026,train_0000128,2,2022-01-26 19:26:28,23,1,Appliances,Home,True,realistic_sparse_v1
100026,train_0000128,3,2022-01-26 19:26:55,11,1,Electronics,Home,True,realistic_sparse_v1
100026,train_0000128,4,2022-01-26 19:27:25,5,1,Toys,Home,True,realistic_sparse_v1
100026,train_0000128,5,2022-01-26 19:28:12,5,1,Toys,Home,True,realistic_sparse_v1
100026,train_0000128,6,2022-01-26 19:28:39,5,1,Toys,Home,True,realistic_sparse_v1
100026,train_0000128,7,2022-01-26 19:29:17,5,1,Toys,Home,True,realistic_sparse_v1
100026,train_0000128,8,2022-01-26 19:29:46,5,1,Toys,Home,True,realistic_sparse_v1
100026,train_0000128,9,2022-01-26 19:30:27,5,1,Toys,Home,True,realistic_sparse_v1
100026,train_0000128,10,2022-01-26 19:31:04,5,1,Toys,Home,True,realistic_sparse_v1
100026,train_0000129,0,2022-01-16 18:02:02,9,1,Home,Home,True,realistic_sparse_v1
100026,train_0000129,1,2022-01-16 18:02:39,9,1,Home,Home,True,realistic_sparse_v1
100026,train_0000129,2,2022-01-16 18:03:27,9,1,Home,Home,True,realistic_sparse_v1
100026,train_0000129,3,2022-01-16 18:04:03,9,1,Home,Home,True,realistic_sparse_v1
100026,train_0000129,4,2022-01-16 18:04:42,9,1,Home,Home,True,realistic_sparse_v1
100026,train_0000130,0,2022-01-28 10:46:06,9,1,Home,Home,True,realistic_sparse_v1
100026,train_0000130,1,2022-01-28 10:46:49,9,1,Home,Home,True,realistic_sparse_v1
100026,train_0000130,2,2022-01-28 10:47:33,9,1,Home,Home,True,realistic_sparse_v1
100026,train_0000130,3,2022-01-28 10:47:48,9,1,Home,Home,True,realistic_sparse_v1
100026,train_0000130,4,2022-01-28 10:48:23,9,1,Home,Home,True,realistic_sparse_v1
100026,train_0000130,5,2022-01-28 10:49:17,9,1,Home,Home,True,realistic_sparse_v1
100026,train_0000131,0,2022-01-04 14:30:11,9,1,Home,Home,True,realistic_sparse_v1
100026,train_0000131,1,2022-01-04 14:30:39,9,1,Home,Home,True,realistic_sparse_v1
100026,train_0000131,2,2022-01-04 14:31:16,9,1,Home,Home,True,realistic_sparse_v1
100026,train_0000131,3,2022-01-04 14:32:01,9,1,Home,Home,True,realistic_sparse_v1
100026,train_0000131,4,2022-01-04 14:32:27,9,1,Home,Home,True,realistic_sparse_v1
100026,train_0000131,5,2022-01-04 14:33:11,9,1,Home,Home,True,realistic_sparse_v1
100026,train_0000131,6,2022-01-04 14:33:47,6,1,Books,Home,True,realistic_sparse_v1
100026,train_0000131,7,2022-01-04 14:34:20,6,1,Books,Home,True,realistic_sparse_v1
100026,train_0000131,8,2022-01-04 14:34:57,5,1,Toys,Home,True,realistic_sparse_v1
100026,train_0000131,9,2022-01-04 14:35:39,25,1,Lifestyle,Home,True,realistic_sparse_v1
100026,train_0000131,10,2022-01-04 14:35:54,25,1,Lifestyle,Home,True,realistic_sparse_v1
100026,train_0000131,11,2022-01-04 14:36:32,25,1,Lifestyle,Home,True,realistic_sparse_v1
100026,train_0000131,12,2022-01-04 14:37:12,6,1,Books,Home,True,realistic_sparse_v1
100026,train_0000131,13,2022-01-04 14:37:35,6,1,Books,Home,True,realistic_sparse_v1
100026,train_0000131,14,2022-01-04 14:38:27,6,1,Books,Home,True,realistic_sparse_v1
100026,train_0000131,15,2022-01-04 14:39:07,6,1,Books,Home,True,realistic_sparse_v1
100026,train_0000131,16,2022-01-04 14:39:31,6,1,Books,Home,True,realistic_sparse_v1
100026,train_0000131,17,2022-01-04 14:40:15,6,1,Books,Home,True,realistic_sparse_v1
100027,test_0000136,0,2022-03-01 09:17:13,5,1,Toys,Home,True,realistic_sparse_v1
100027,test_0000136,1,2022-03-01 09:17:52,5,1,Toys,Home,True,realistic_sparse_v1
100027,test_0000136,2,2022-03-01 09:18:33,5,1,Toys,Home,True,realistic_sparse_v1
100027,test_0000136,3,2022-03-01 09:18:48,5,1,Toys,Home,True,realistic_sparse_v1
100027,train_0000135,0,2022-01-07 11:41:02,9,1,Home,Home,True,realistic_sparse_v1
100027,train_0000135,1,2022-01-07 11:41:45,9,1,Home,Home,True,realistic_sparse_v1
100027,train_0000135,2,2022-01-07 11:42:16,9,1,Home,Home,True,realistic_sparse_v1
100027,train_0000135,3,2022-01-07 11:42:50,9,1,Home,Home,True,realistic_sparse_v1
100027,train_0000135,4,2022-01-07 11:43:25,23,1,Appliances,Home,True,realistic_sparse_v1
100028,test_0000140,0,2022-04-04 08:17:23,21,1,Mobile,Mobile,True,realistic_sparse_v1
100028,test_0000140,1,2022-04-04 08:17:37,21,1,Mobile,Mobile,True,realistic_sparse_v1
100028,test_0000140,2,2022-04-04 08:18:11,21,1,Mobile,Mobile,True,realistic_sparse_v1
100028,test_0000140,3,2022-04-04 08:18:55,21,1,Mobile,Mobile,True,realistic_sparse_v1
100028,test_0000140,4,2022-04-04 08:19:25,21,1,Mobile,Mobile,True,realistic_sparse_v1
100028,test_0000140,5,2022-04-04 08:20:15,21,1,Mobile,Mobile,True,realistic_sparse_v1
100028,test_0000140,6,2022-04-04 08:20:53,21,1,Mobile,Mobile,True,realistic_sparse_v1
100028,test_0000140,7,2022-04-04 08:21:23,21,1,Mobile,Mobile,True,realistic_sparse_v1
100028,test_0000140,8,2022-04-04 08:21:51,22,1,Gaming,Mobile,True,realistic_sparse_v1
100028,test_0000141,0,2022-03-02 23:08:01,21,1,Mobile,Mobile,True,realistic_sparse_v1
100028,test_0000141,1,2022-03-02 23:08:50,21,1,Mobile,Mobile,True,realistic_sparse_v1
100028,test_0000141,2,2022-03-02 23:09:12,21,1,Mobile,Mobile,True,realistic_sparse_v1
100028,train_0000137,0,2022-01-24 10:52:23,21,1,Mobile,Mobile,True,realistic_sparse_v1
100028,train_0000137,1,2022-01-24 10:52:48,21,1,Mobile,Mobile,True,realistic_sparse_v1
100028,train_0000137,2,2022-01-24 10:53:34,23,1,Appliances,Mobile,True,realistic_sparse_v1
100028,train_0000137,3,2022-01-24 10:53:54,9,1,Home,Mobile,True,realistic_sparse_v1
100028,train_0000137,4,2022-01-24 10:54:26,23,1,Appliances,Mobile,True,realistic_sparse_v1
100028,train_0000137,5,2022-01-24 10:55:02,11,1,Electronics,Mobile,True,realistic_sparse_v1
100028,train_0000137,6,2022-01-24 10:55:35,11,1,Electronics,Mobile,True,realistic_sparse_v1
100028,train_0000137,7,2022-01-24 10:56:25,11,1,Electronics,Mobile,True,realistic_sparse_v1
100028,train_0000138,0,2022-01-03 08:15:19,21,1,Mobile,Mobile,True,realistic_sparse_v1
100028,train_0000138,1,2022-01-03 08:15:47,21,1,Mobile,Mobile,True,realistic_sparse_v1
100028,train_0000138,2,2022-01-03 08:16:20,21,1,Mobile,Mobile,True,realistic_sparse_v1
100028,train_0000139,0,2022-01-10 12:48:02,21,1,Mobile,Mobile,True,realistic_sparse_v1
100028,train_0000139,1,2022-01-10 12:48:45,21,1,Mobile,Mobile,True,realistic_sparse_v1
100028,train_0000139,2,2022-01-10 12:49:17,21,1,Mobile,Mobile,True,realistic_sparse_v1
100029,test_0000147,0,2022-04-16 14:28:03,11,1,Electronics,Electronics,True,realistic_sparse_v1
100029,test_0000147,1,2022-04-16 14:28:57,22,1,Gaming,Electronics,True,realistic_sparse_v1
100029,test_0000147,2,2022-04-16 14:29:23,22,1,Gaming,Electronics,True,realistic_sparse_v1
100029,test_0000147,3,2022-04-16 14:29:48,22,1,Gaming,Electronics,True,realistic_sparse_v1
100029,test_0000148,0,2022-04-22 23:24:05,11,1,Electronics,Electronics,True,realistic_sparse_v1
100029,test_0000148,1,2022-04-22 23:24:42,11,1,Electronics,Electronics,True,realistic_sparse_v1
100029,test_0000148,2,2022-04-22 23:25:11,20,1,Travel,Electronics,True,realistic_sparse_v1
100029,test_0000148,3,2022-04-22 23:26:00,20,1,Travel,Electronics,True,realistic_sparse_v1
100029,test_0000149,0,2022-03-17 13:35:12,11,1,Electronics,Electronics,True,realistic_sparse_v1
100029,test_0000149,1,2022-03-17 13:35:44,23,1,Appliances,Electronics,True,realistic_sparse_v1
100029,test_0000149,2,2022-03-17 13:36:20,23,1,Appliances,Electronics,True,realistic_sparse_v1
100029,test_0000149,3,2022-03-17 13:36:46,21,1,Mobile,Electronics,True,realistic_sparse_v1
100029,test_0000149,4,2022-03-17 13:37:31,21,1,Mobile,Electronics,True,realistic_sparse_v1
100029,test_0000149,5,2022-03-17 13:38:18,23,1,Appliances,Electronics,True,realistic_sparse_v1
100029,train_0000142,0,2022-01-11 11:45:16,22,1,Gaming,Electronics,True,realistic_sparse_v1
100029,train_0000142,1,2022-01-11 11:45:44,5,1,Toys,Electronics,True,realistic_sparse_v1
100029,train_0000142,2,2022-01-11 11:46:26,5,1,Toys,Electronics,True,realistic_sparse_v1
100029,train_0000142,3,2022-01-11 11:47:03,5,1,Toys,Electronics,True,realistic_sparse_v1
100029,train_0000142,4,2022-01-11 11:47:36,5,1,Toys,Electronics,True,realistic_sparse_v1
100029,train_0000142,5,2022-01-11 11:48:18,5,1,Toys,Electronics,True,realistic_sparse_v1
100029,train_0000142,6,2022-01-11 11:48:33,5,1,Toys,Electronics,True,realistic_sparse_v1
100029,train_0000142,7,2022-01-11 11:49:18,5,1,Toys,Electronics,True,realistic_sparse_v1
100029,train_0000142,8,2022-01-11 11:49:50,5,1,Toys,Electronics,True,realistic_sparse_v1
100029,train_0000143,0,2022-01-03 15:17:17,11,1,Electronics,Electronics,True,realistic_sparse_v1
100029,train_0000143,1,2022-01-03 15:17:59,11,1,Electronics,Electronics,True,realistic_sparse_v1
100029,train_0000143,2,2022-01-03 15:18:14,11,1,Electronics,Electronics,True,realistic_sparse_v1
100029,train_0000143,3,2022-01-03 15:19:08,11,1,Electronics,Electronics,True,realistic_sparse_v1
100029,train_0000144,0,2022-01-16 20:55:14,11,1,Electronics,Electronics,True,realistic_sparse_v1
100029,train_0000144,1,2022-01-16 20:55:54,23,1,Appliances,Electronics,True,realistic_sparse_v1
100029,train_0000144,2,2022-01-16 20:56:21,11,1,Electronics,Electronics,True,realistic_sparse_v1
100029,train_0000144,3,2022-01-16 20:57:00,21,1,Mobile,Electronics,True,realistic_sparse_v1
100029,train_0000145,0,2022-01-08 11:40:11,11,1,Electronics,Electronics,True,realistic_sparse_v1
100029,train_0000145,1,2022-01-08 11:40:43,5,1,Toys,Electronics,True,realistic_sparse_v1
100029,train_0000145,2,2022-01-08 11:41:32,6,1,Books,Electronics,True,realistic_sparse_v1
100029,train_0000145,3,2022-01-08 11:42:06,6,1,Books,Electronics,True,realistic_sparse_v1
100029,train_0000145,4,2022-01-08 11:42:22,11,1,Electronics,Electronics,True,realistic_sparse_v1
100029,train_0000146,0,2022-01-02 19:59:12,11,1,Electronics,Electronics,True,realistic_sparse_v1
100029,train_0000146,1,2022-01-02 19:59:57,11,1,Electronics,Electronics,True,realistic_sparse_v1
100029,train_0000146,2,2022-01-02 20:00:23,23,1,Appliances,Electronics,True,realistic_sparse_v1
100029,train_0000146,3,2022-01-02 20:01:00,23,1,Appliances,Electronics,True,realistic_sparse_v1
100030,test_0000151,0,2022-03-10 23:27:05,9,1,Home,Home,True,realistic_sparse_v1
100030,test_0000151,1,2022-03-10 23:27:49,9,1,Home,Home,True,realistic_sparse_v1
100030,test_0000151,2,2022-03-10 23:28:34,9,1,Home,Home,True,realistic_sparse_v1
100030,test_0000151,3,2022-03-10 23:28:57,9,1,Home,Home,True,realistic_sparse_v1
100030,test_0000151,4,2022-03-10 23:29:28,5,1,Toys,Home,True,realistic_sparse_v1
100030,test_0000151,5,2022-03-10 23:30:10,5,1,Toys,Home,True,realistic_sparse_v1
100030,test_0000151,6,2022-03-10 23:30:44,5,1,Toys,Home,True,realistic_sparse_v1
100030,test_0000151,7,2022-03-10 23:31:13,6,1,Books,Home,True,realistic_sparse_v1
100030,test_0000151,8,2022-03-10 23:31:51,6,1,Books,Home,True,realistic_sparse_v1
100030,test_0000151,9,2022-03-10 23:32:28,6,1,Books,Home,True,realistic_sparse_v1
100030,test_0000151,10,2022-03-10 23:33:10,6,1,Books,Home,True,realistic_sparse_v1
100030,train_0000150,0,2022-01-03 15:38:01,9,1,Home,Home,True,realistic_sparse_v1
100030,train_0000150,1,2022-01-03 15:38:37,25,1,Lifestyle,Home,True,realistic_sparse_v1
100030,train_0000150,2,2022-01-03 15:39:15,25,1,Lifestyle,Home,True,realistic_sparse_v1
100030,train_0000150,3,2022-01-03 15:39:45,25,1,Lifestyle,Home,True,realistic_sparse_v1
100031,test_0000155,0,2022-02-20 09:15:10,5,1,Toys,Toys,True,realistic_sparse_v1
100031,test_0000155,1,2022-02-20 09:15:58,5,1,Toys,Toys,True,realistic_sparse_v1
100031,test_0000155,2,2022-02-20 09:16:20,5,1,Toys,Toys,True,realistic_sparse_v1
100031,test_0000155,3,2022-02-20 09:16:49,5,1,Toys,Toys,True,realistic_sparse_v1
100031,test_0000155,4,2022-02-20 09:17:25,5,1,Toys,Toys,True,realistic_sparse_v1
100031,test_0000156,0,2022-03-30 16:23:23,5,1,Toys,Toys,True,realistic_sparse_v1
100031,test_0000156,1,2022-03-30 16:23:37,9,1,Home,Toys,True,realistic_sparse_v1
100031,test_0000156,2,2022-03-30 16:24:32,23,1,Appliances,Toys,True,realistic_sparse_v1
100031,test_0000156,3,2022-03-30 16:25:02,23,1,Appliances,Toys,True,realistic_sparse_v1
100031,test_0000156,4,2022-03-30 16:25:42,23,1,Appliances,Toys,True,realistic_sparse_v1
100031,test_0000156,5,2022-03-30 16:26:10,9,1,Home,Toys,True,realistic_sparse_v1
100031,test_0000156,6,2022-03-30 16:26:41,19,1,Vehicles,Toys,True,realistic_sparse_v1
100031,test_0000156,7,2022-03-30 16:27:08,5,1,Toys,Toys,True,realistic_sparse_v1
100031,train_0000152,0,2022-01-05 21:02:03,9,1,Home,Toys,True,realistic_sparse_v1
100031,train_0000152,1,2022-01-05 21:02:52,9,1,Home,Toys,True,realistic_sparse_v1
100031,train_0000152,2,2022-01-05 21:03:34,9,1,Home,Toys,True,realistic_sparse_v1
100031,train_0000152,3,2022-01-05 21:03:47,9,1,Home,Toys,True,realistic_sparse_v1
100031,train_0000153,0,2022-01-18 17:23:18,5,1,Toys,Toys,True,realistic_sparse_v1
100031,train_0000153,1,2022-01-18 17:23:47,5,1,Toys,Toys,True,realistic_sparse_v1
100031,train_0000153,2,2022-01-18 17:24:18,5,1,Toys,Toys,True,realistic_sparse_v1
100031,train_0000153,3,2022-01-18 17:24:47,5,1,Toys,Toys,True,realistic_sparse_v1
100031,train_0000153,4,2022-01-18 17:25:35,5,1,Toys,Toys,True,realistic_sparse_v1
100031,train_0000153,5,2022-01-18 17:26:05,5,1,Toys,Toys,True,realistic_sparse_v1
100031,train_0000154,0,2022-01-13 11:20:15,5,1,Toys,Toys,True,realistic_sparse_v1
100031,train_0000154,1,2022-01-13 11:20:43,5,1,Toys,Toys,True,realistic_sparse_v1
100031,train_0000154,2,2022-01-13 11:21:34,5,1,Toys,Toys,True,realistic_sparse_v1
100031,train_0000154,3,2022-01-13 11:22:04,5,1,Toys,Toys,True,realistic_sparse_v1
100031,train_0000154,4,2022-01-13 11:22:22,5,1,Toys,Toys,True,realistic_sparse_v1
100031,train_0000154,5,2022-01-13 11:23:02,5,1,Toys,Toys,True,realistic_sparse_v1
100032,test_0000159,0,2022-02-13 19:49:21,20,1,Travel,Travel,True,realistic_sparse_v1
100032,test_0000159,1,2022-02-13 19:49:53,20,1,Travel,Travel,True,realistic_sparse_v1
100032,test_0000159,2,2022-02-13 19:50:31,20,1,Travel,Travel,True,realistic_sparse_v1
100032,test_0000159,3,2022-02-13 19:50:50,25,1,Lifestyle,Travel,True,realistic_sparse_v1
100032,train_0000157,0,2022-01-19 09:41:22,20,1,Travel,Travel,True,realistic_sparse_v1
100032,train_0000157,1,2022-01-19 09:41:49,20,1,Travel,Travel,True,realistic_sparse_v1
100032,train_0000157,2,2022-01-19 09:42:13,20,1,Travel,Travel,True,realistic_sparse_v1
100032,train_0000157,3,2022-01-19 09:42:46,20,1,Travel,Travel,True,realistic_sparse_v1
100032,train_0000157,4,2022-01-19 09:43:28,20,1,Travel,Travel,True,realistic_sparse_v1
100032,train_0000157,5,2022-01-19 09:44:13,19,1,Vehicles,Travel,True,realistic_sparse_v1
100032,train_0000157,6,2022-01-19 09:44:38,19,1,Vehicles,Travel,True,realistic_sparse_v1
100032,train_0000157,7,2022-01-19 09:45:09,20,1,Travel,Travel,True,realistic_sparse_v1
100032,train_0000157,8,2022-01-19 09:46:03,20,1,Travel,Travel,True,realistic_sparse_v1
100032,train_0000157,9,2022-01-19 09:46:38,20,1,Travel,Travel,True,realistic_sparse_v1
100032,train_0000157,10,2022-01-19 09:47:06,20,1,Travel,Travel,True,realistic_sparse_v1
100032,train_0000157,11,2022-01-19 09:47:36,20,1,Travel,Travel,True,realistic_sparse_v1
100032,train_0000157,12,2022-01-19 09:48:17,20,1,Travel,Travel,True,realistic_sparse_v1
100032,train_0000158,0,2022-01-14 16:36:24,20,1,Travel,Travel,True,realistic_sparse_v1
100032,train_0000158,1,2022-01-14 16:36:44,20,1,Travel,Travel,True,realistic_sparse_v1
100032,train_0000158,2,2022-01-14 16:37:17,20,1,Travel,Travel,True,realistic_sparse_v1
100032,train_0000158,3,2022-01-14 16:37:53,20,1,Travel,Travel,True,realistic_sparse_v1
100033,test_0000167,0,2022-02-14 18:26:19,11,1,Electronics,Vehicles,True,realistic_sparse_v1
100033,test_0000167,1,2022-02-14 18:26:55,11,1,Electronics,Vehicles,True,realistic_sparse_v1
100033,test_0000167,2,2022-02-14 18:27:19,11,1,Electronics,Vehicles,True,realistic_sparse_v1
100033,test_0000168,0,2022-02-12 19:28:02,19,1,Vehicles,Vehicles,True,realistic_sparse_v1
100033,test_0000168,1,2022-02-12 19:28:50,21,1,Mobile,Vehicles,True,realistic_sparse_v1
100033,test_0000168,2,2022-02-12 19:29:15,25,1,Lifestyle,Vehicles,True,realistic_sparse_v1
100033,test_0000168,3,2022-02-12 19:30:04,25,1,Lifestyle,Vehicles,True,realistic_sparse_v1
100033,test_0000168,4,2022-02-12 19:30:20,6,1,Books,Vehicles,True,realistic_sparse_v1
100033,test_0000169,0,2022-03-22 08:26:12,19,1,Vehicles,Vehicles,True,realistic_sparse_v1
100033,test_0000169,1,2022-03-22 08:26:43,19,1,Vehicles,Vehicles,True,realistic_sparse_v1
100033,test_0000169,2,2022-03-22 08:27:20,19,1,Vehicles,Vehicles,True,realistic_sparse_v1
100033,train_0000160,0,2022-01-21 20:40:12,19,1,Vehicles,Vehicles,True,realistic_sparse_v1
100033,train_0000160,1,2022-01-21 20:40:39,19,1,Vehicles,Vehicles,True,realistic_sparse_v1
100033,train_0000160,2,2022-01-21 20:41:32,19,1,Vehicles,Vehicles,True,realistic_sparse_v1
100033,train_0000160,3,2022-01-21 20:41:58,19,1,Vehicles,Vehicles,True,realistic_sparse_v1
100033,train_0000161,0,2022-01-12 23:05:24,11,1,Electronics,Vehicles,True,realistic_sparse_v1
100033,train_0000161,1,2022-01-12 23:05:43,11,1,Electronics,Vehicles,True,realistic_sparse_v1
100033,train_0000161,2,2022-01-12 23:06:32,11,1,Electronics,Vehicles,True,realistic_sparse_v1
100033,train_0000162,0,2022-01-20 20:14:16,19,1,Vehicles,Vehicles,True,realistic_sparse_v1
100033,train_0000162,1,2022-01-20 20:14:35,21,1,Mobile,Vehicles,True,realistic_sparse_v1
100033,train_0000162,2,2022-01-20 20:15:15,21,1,Mobile,Vehicles,True,realistic_sparse_v1
100033,train_0000163,0,2022-01-04 11:46:05,19,1,Vehicles,Vehicles,True,realistic_sparse_v1
100033,train_0000163,1,2022-01-04 11:46:59,21,1,Mobile,Vehicles,True,realistic_sparse_v1
100033,train_0000163,2,2022-01-04 11:47:12,21,1,Mobile,Vehicles,True,realistic_sparse_v1
100033,train_0000164,0,2022-01-02 08:42:20,19,1,Vehicles,Vehicles,True,realistic_sparse_v1
100033,train_0000164,1,2022-01-02 08:42:49,19,1,Vehicles,Vehicles,True,realistic_sparse_v1
100033,train_0000164,2,2022-01-02 08:43:30,19,1,Vehicles,Vehicles,True,realistic_sparse_v1
